timeStamp,elapsed,label,responseCode,responseMessage,threadName,dataType,success,failureMessage,bytes,sentBytes,grpThreads,allThreads,URL,Latency,IdleTime,Connect
1768323615891,39,Create Candidate Request,200,OK,Candidate Creation Thread Group 1-1,text,true,,332,491,2,2,http://localhost:8080/web/index.php/api/v2/recruitment/candidates,38,0,0
1768323615910,41,Create Candidate Request,200,OK,Candidate Creation Thread Group 1-2,text,true,,332,491,4,4,http://localhost:8080/web/index.php/api/v2/recruitment/candidates,41,0,0
1768323615930,70,Create Candidate Request,200,OK,Candidate Creation Thread Group 1-3,text,true,,332,491,6,6,http://localhost:8080/web/index.php/api/v2/recruitment/candidates,70,0,0
1768323615930,164,Create Candidate Request,200,OK,Candidate Creation Thread Group 1-1,text,true,,332,491,11,11,http://localhost:8080/web/index.php/api/v2/recruitment/candidates,164,0,0
1768323615970,414,Create Candidate Request,200,OK,Candidate Creation Thread Group 1-5,text,true,,332,491,25,25,http://localhost:8080/web/index.php/api/v2/recruitment/candidates,323,0,0
1768323615950,934,Create Candidate Request,200,OK,Candidate Creation Thread Group 1-4,text,true,,332,491,50,50,http://localhost:8080/web/index.php/api/v2/recruitment/candidates,934,0,1
1768323616150,1848,Create Candidate Request,200,OK,Candidate Creation Thread Group 1-14,text,true,,335,494,100,100,http://localhost:8080/web/index.php/api/v2/recruitment/candidates,1847,0,0
1768323615951,2452,Create Candidate Request,200,OK,Candidate Creation Thread Group 1-2,text,true,,332,491,100,100,http://localhost:8080/web/index.php/api/v2/recruitment/candidates,2451,0,0
1768323616331,2170,Create Candidate Request,200,OK,Candidate Creation Thread Group 1-23,text,true,,335,494,100,100,http://localhost:8080/web/index.php/api/v2/recruitment/candidates,2169,0,0
1768323615991,2525,Create Candidate Request,200,OK,Candidate Creation Thread Group 1-6,text,true,,332,491,100,100,http://localhost:8080/web/index.php/api/v2/recruitment/candidates,2525,0,0
1768323616450,2141,Create Candidate Request,200,OK,Candidate Creation Thread Group 1-29,text,true,,335,494,100,100,http://localhost:8080/web/index.php/api/v2/recruitment/candidates,2141,0,0
1768323616001,2606,Create Candidate Request,200,OK,Candidate Creation Thread Group 1-3,text,true,,332,491,100,100,http://localhost:8080/web/index.php/api/v2/recruitment/candidates,2606,0,0
1768323616011,2612,Create Candidate Request,200,OK,Candidate Creation Thread Group 1-7,text,true,,335,494,100,100,http://localhost:8080/web/index.php/api/v2/recruitment/candidates,2612,0,0
1768323616030,2610,Create Candidate Request,200,OK,Candidate Creation Thread Group 1-8,text,true,,335,494,100,100,http://localhost:8080/web/index.php/api/v2/recruitment/candidates,2610,0,0
1768323616070,2619,Create Candidate Request,200,OK,Candidate Creation Thread Group 1-10,text,true,,335,494,100,100,http://localhost:8080/web/index.php/api/v2/recruitment/candidates,2619,0,0
1768323616050,2661,Create Candidate Request,200,OK,Candidate Creation Thread Group 1-9,text,true,,335,494,100,100,http://localhost:8080/web/index.php/api/v2/recruitment/candidates,2661,0,0
1768323616530,2198,Create Candidate Request,200,OK,Candidate Creation Thread Group 1-33,text,true,,335,494,100,100,http://localhost:8080/web/index.php/api/v2/recruitment/candidates,2198,0,1
1768323616090,2655,Create Candidate Request,200,OK,Candidate Creation Thread Group 1-11,text,true,,335,494,100,100,http://localhost:8080/web/index.php/api/v2/recruitment/candidates,2655,0,0
1768323616094,2667,Create Candidate Request,200,OK,Candidate Creation Thread Group 1-1,text,true,,335,494,100,100,http://localhost:8080/web/index.php/api/v2/recruitment/candidates,2667,0,0
1768323616510,2288,Create Candidate Request,200,OK,Candidate Creation Thread Group 1-32,text,true,,335,494,100,100,http://localhost:8080/web/index.php/api/v2/recruitment/candidates,2288,0,0
1768323616350,2466,Create Candidate Request,200,OK,Candidate Creation Thread Group 1-24,text,true,,335,494,100,100,http://localhost:8080/web/index.php/api/v2/recruitment/candidates,2465,0,0
1768323616410,2424,Create Candidate Request,200,OK,Candidate Creation Thread Group 1-27,text,true,,335,494,100,100,http://localhost:8080/web/index.php/api/v2/recruitment/candidates,2424,0,0
1768323616110,2741,Create Candidate Request,200,OK,Candidate Creation Thread Group 1-12,text,true,,335,494,100,100,http://localhost:8080/web/index.php/api/v2/recruitment/candidates,2741,0,0
1768323616292,2611,Create Candidate Request,200,OK,Candidate Creation Thread Group 1-21,text,true,,335,494,100,100,http://localhost:8080/web/index.php/api/v2/recruitment/candidates,2610,0,0
1768323616192,2727,Create Candidate Request,200,OK,Candidate Creation Thread Group 1-16,text,true,,335,494,100,100,http://localhost:8080/web/index.php/api/v2/recruitment/candidates,2727,0,2
1768323616210,2728,Create Candidate Request,200,OK,Candidate Creation Thread Group 1-17,text,true,,335,494,100,100,http://localhost:8080/web/index.php/api/v2/recruitment/candidates,2728,0,0
1768323616130,2862,Create Candidate Request,200,OK,Candidate Creation Thread Group 1-13,text,true,,335,494,100,100,http://localhost:8080/web/index.php/api/v2/recruitment/candidates,2862,0,0
1768323616550,2460,Create Candidate Request,200,OK,Candidate Creation Thread Group 1-34,text,true,,335,494,100,100,http://localhost:8080/web/index.php/api/v2/recruitment/candidates,2460,0,1
1768323616384,2648,Create Candidate Request,200,OK,Candidate Creation Thread Group 1-5,text,true,,335,494,100,100,http://localhost:8080/web/index.php/api/v2/recruitment/candidates,2648,0,0
1768323617171,1880,Create Candidate Request,200,OK,Candidate Creation Thread Group 1-65,text,true,,335,494,100,100,http://localhost:8080/web/index.php/api/v2/recruitment/candidates,1880,0,0
1768323616793,2304,Create Candidate Request,200,OK,Candidate Creation Thread Group 1-46,text,true,,332,491,100,100,http://localhost:8080/web/index.php/api/v2/recruitment/candidates,2304,0,0
1768323617210,1905,Create Candidate Request,200,OK,Candidate Creation Thread Group 1-67,text,true,,335,494,100,100,http://localhost:8080/web/index.php/api/v2/recruitment/candidates,1905,0,0
1768323616830,2302,Create Candidate Request,200,OK,Candidate Creation Thread Group 1-48,text,true,,332,491,100,100,http://localhost:8080/web/index.php/api/v2/recruitment/candidates,2302,0,1
1768323616611,2538,Create Candidate Request,200,OK,Candidate Creation Thread Group 1-37,text,true,,335,494,100,100,http://localhost:8080/web/index.php/api/v2/recruitment/candidates,2537,0,0
1768323616950,2246,Create Candidate Request,200,OK,Candidate Creation Thread Group 1-54,text,true,,335,494,100,100,http://localhost:8080/web/index.php/api/v2/recruitment/candidates,2246,0,0
1768323616310,2906,Create Candidate Request,200,OK,Candidate Creation Thread Group 1-22,text,true,,335,494,100,100,http://localhost:8080/web/index.php/api/v2/recruitment/candidates,2906,0,0
1768323616170,3130,Create Candidate Request,200,OK,Candidate Creation Thread Group 1-15,text,true,,335,494,100,100,http://localhost:8080/web/index.php/api/v2/recruitment/candidates,3130,0,0
1768323616230,3085,Create Candidate Request,200,OK,Candidate Creation Thread Group 1-18,text,true,,335,494,100,100,http://localhost:8080/web/index.php/api/v2/recruitment/candidates,3085,0,0
1768323616670,2665,Create Candidate Request,200,OK,Candidate Creation Thread Group 1-40,text,true,,335,494,100,100,http://localhost:8080/web/index.php/api/v2/recruitment/candidates,2664,0,0
1768323617150,2232,Create Candidate Request,200,OK,Candidate Creation Thread Group 1-64,text,true,,335,494,100,100,http://localhost:8080/web/index.php/api/v2/recruitment/candidates,2201,0,0
1768323616710,2690,Create Candidate Request,200,OK,Candidate Creation Thread Group 1-42,text,true,,335,494,100,100,http://localhost:8080/web/index.php/api/v2/recruitment/candidates,2690,0,0
1768323616491,2926,Create Candidate Request,200,OK,Candidate Creation Thread Group 1-31,text,true,,335,494,100,100,http://localhost:8080/web/index.php/api/v2/recruitment/candidates,2926,0,0
1768323616470,2963,Create Candidate Request,200,OK,Candidate Creation Thread Group 1-30,text,true,,335,494,100,100,http://localhost:8080/web/index.php/api/v2/recruitment/candidates,2963,0,0
1768323616591,2864,Create Candidate Request,200,OK,Candidate Creation Thread Group 1-36,text,true,,335,494,100,100,http://localhost:8080/web/index.php/api/v2/recruitment/candidates,2863,0,0
1768323616692,2809,Create Candidate Request,200,OK,Candidate Creation Thread Group 1-41,text,true,,335,494,100,100,http://localhost:8080/web/index.php/api/v2/recruitment/candidates,2809,0,0
1768323616730,2794,Create Candidate Request,200,OK,Candidate Creation Thread Group 1-43,text,true,,335,494,100,100,http://localhost:8080/web/index.php/api/v2/recruitment/candidates,2793,0,0
1768323616270,3275,Create Candidate Request,200,OK,Candidate Creation Thread Group 1-20,text,true,,335,494,100,100,http://localhost:8080/web/index.php/api/v2/recruitment/candidates,3275,0,0
1768323616891,2704,Create Candidate Request,200,OK,Candidate Creation Thread Group 1-51,text,true,,332,491,100,100,http://localhost:8080/web/index.php/api/v2/recruitment/candidates,2704,0,3
1768323616884,2738,Create Candidate Request,200,OK,Candidate Creation Thread Group 1-4,text,true,,332,491,100,100,http://localhost:8080/web/index.php/api/v2/recruitment/candidates,2738,0,0
1768323616570,3073,Create Candidate Request,200,OK,Candidate Creation Thread Group 1-35,text,true,,335,494,100,100,http://localhost:8080/web/index.php/api/v2/recruitment/candidates,3073,0,1
1768323616990,2671,Create Candidate Request,200,OK,Candidate Creation Thread Group 1-56,text,true,,335,494,100,100,http://localhost:8080/web/index.php/api/v2/recruitment/candidates,2671,0,4
1768323616250,3449,Create Candidate Request,200,OK,Candidate Creation Thread Group 1-19,text,true,,335,494,100,100,http://localhost:8080/web/index.php/api/v2/recruitment/candidates,3448,0,0
1768323616810,2922,Create Candidate Request,200,OK,Candidate Creation Thread Group 1-47,text,true,,332,491,100,100,http://localhost:8080/web/index.php/api/v2/recruitment/candidates,2922,0,0
1768323616850,2901,Create Candidate Request,200,OK,Candidate Creation Thread Group 1-49,text,true,,332,491,100,100,http://localhost:8080/web/index.php/api/v2/recruitment/candidates,2901,0,1
1768323617132,2638,Create Candidate Request,200,OK,Candidate Creation Thread Group 1-63,text,true,,335,494,100,100,http://localhost:8080/web/index.php/api/v2/recruitment/candidates,2638,0,1
1768323617193,2604,Create Candidate Request,200,OK,Candidate Creation Thread Group 1-66,text,true,,335,494,100,100,http://localhost:8080/web/index.php/api/v2/recruitment/candidates,2604,0,0
1768323616970,2849,Create Candidate Request,200,OK,Candidate Creation Thread Group 1-55,text,true,,335,494,100,100,http://localhost:8080/web/index.php/api/v2/recruitment/candidates,2849,0,1
1768323617033,2809,Create Candidate Request,200,OK,Candidate Creation Thread Group 1-58,text,true,,335,494,100,100,http://localhost:8080/web/index.php/api/v2/recruitment/candidates,2809,0,0
1768323616910,2954,Create Candidate Request,200,OK,Candidate Creation Thread Group 1-52,text,true,,332,491,100,100,http://localhost:8080/web/index.php/api/v2/recruitment/candidates,2954,0,0
1768323617010,2891,Create Candidate Request,200,OK,Candidate Creation Thread Group 1-57,text,true,,335,494,100,100,http://localhost:8080/web/index.php/api/v2/recruitment/candidates,2891,0,0
1768323616430,3489,Create Candidate Request,200,OK,Candidate Creation Thread Group 1-28,text,true,,335,494,100,100,http://localhost:8080/web/index.php/api/v2/recruitment/candidates,3489,0,0
1768323616770,3172,Create Candidate Request,200,OK,Candidate Creation Thread Group 1-45,text,true,,335,494,100,100,http://localhost:8080/web/index.php/api/v2/recruitment/candidates,3171,0,0
1768323616750,3210,Create Candidate Request,200,OK,Candidate Creation Thread Group 1-44,text,true,,335,494,100,100,http://localhost:8080/web/index.php/api/v2/recruitment/candidates,3209,0,0
1768323617270,2731,Create Candidate Request,200,OK,Candidate Creation Thread Group 1-70,text,true,,335,494,100,100,http://localhost:8080/web/index.php/api/v2/recruitment/candidates,2731,0,0
1768323616930,3093,Create Candidate Request,200,OK,Candidate Creation Thread Group 1-53,text,true,,332,491,100,100,http://localhost:8080/web/index.php/api/v2/recruitment/candidates,3092,0,2
1768323616370,3674,Create Candidate Request,200,OK,Candidate Creation Thread Group 1-25,text,true,,335,494,100,100,http://localhost:8080/web/index.php/api/v2/recruitment/candidates,3674,0,0
1768323616870,3192,Create Candidate Request,200,OK,Candidate Creation Thread Group 1-50,text,true,,332,491,100,100,http://localhost:8080/web/index.php/api/v2/recruitment/candidates,3191,0,0
1768323617095,3007,Create Candidate Request,200,OK,Candidate Creation Thread Group 1-61,text,true,,335,494,100,100,http://localhost:8080/web/index.php/api/v2/recruitment/candidates,3007,0,0
1768323616392,3729,Create Candidate Request,200,OK,Candidate Creation Thread Group 1-26,text,true,,335,494,100,100,http://localhost:8080/web/index.php/api/v2/recruitment/candidates,3728,0,1
1768323616630,3513,Create Candidate Request,200,OK,Candidate Creation Thread Group 1-38,text,true,,335,494,100,100,http://localhost:8080/web/index.php/api/v2/recruitment/candidates,3513,0,0
1768323617111,3071,Create Candidate Request,200,OK,Candidate Creation Thread Group 1-62,text,true,,335,494,100,100,http://localhost:8080/web/index.php/api/v2/recruitment/candidates,3054,0,0
1768323617230,2974,Create Candidate Request,200,OK,Candidate Creation Thread Group 1-68,text,true,,335,494,100,100,http://localhost:8080/web/index.php/api/v2/recruitment/candidates,2973,0,0
1768323616650,3648,Create Candidate Request,200,OK,Candidate Creation Thread Group 1-39,text,true,,335,494,100,100,http://localhost:8080/web/index.php/api/v2/recruitment/candidates,3648,0,0
1768323617071,3326,Create Candidate Request,200,OK,Candidate Creation Thread Group 1-60,text,true,,335,494,100,100,http://localhost:8080/web/index.php/api/v2/recruitment/candidates,3325,0,0
1768323617250,3172,Create Candidate Request,200,OK,Candidate Creation Thread Group 1-69,text,true,,335,494,100,100,http://localhost:8080/web/index.php/api/v2/recruitment/candidates,3171,0,0
1768323617051,3395,Create Candidate Request,200,OK,Candidate Creation Thread Group 1-59,text,true,,335,494,100,100,http://localhost:8080/web/index.php/api/v2/recruitment/candidates,3395,0,0
1768323617292,3177,Create Candidate Request,200,OK,Candidate Creation Thread Group 1-71,text,true,,335,494,100,100,http://localhost:8080/web/index.php/api/v2/recruitment/candidates,3177,0,0
1768323617310,3187,Create Candidate Request,200,OK,Candidate Creation Thread Group 1-72,text,true,,335,494,100,100,http://localhost:8080/web/index.php/api/v2/recruitment/candidates,3186,0,0
1768323617330,3187,Create Candidate Request,200,OK,Candidate Creation Thread Group 1-73,text,true,,335,494,100,100,http://localhost:8080/web/index.php/api/v2/recruitment/candidates,3187,0,0
1768323617351,3190,Create Candidate Request,200,OK,Candidate Creation Thread Group 1-74,text,true,,335,494,100,100,http://localhost:8080/web/index.php/api/v2/recruitment/candidates,3190,0,0
1768323617370,3194,Create Candidate Request,200,OK,Candidate Creation Thread Group 1-75,text,true,,335,494,100,100,http://localhost:8080/web/index.php/api/v2/recruitment/candidates,3193,0,0
1768323617392,3208,Create Candidate Request,200,OK,Candidate Creation Thread Group 1-76,text,true,,335,494,100,100,http://localhost:8080/web/index.php/api/v2/recruitment/candidates,3208,0,0
1768323617410,3211,Create Candidate Request,200,OK,Candidate Creation Thread Group 1-77,text,true,,335,494,100,100,http://localhost:8080/web/index.php/api/v2/recruitment/candidates,3211,0,0
1768323617430,3213,Create Candidate Request,200,OK,Candidate Creation Thread Group 1-78,text,true,,335,494,100,100,http://localhost:8080/web/index.php/api/v2/recruitment/candidates,3213,0,0
1768323617450,3214,Create Candidate Request,200,OK,Candidate Creation Thread Group 1-79,text,true,,335,494,100,100,http://localhost:8080/web/index.php/api/v2/recruitment/candidates,3214,0,0
1768323617470,3228,Create Candidate Request,200,OK,Candidate Creation Thread Group 1-80,text,true,,335,494,100,100,http://localhost:8080/web/index.php/api/v2/recruitment/candidates,3227,0,0
1768323617493,3234,Create Candidate Request,200,OK,Candidate Creation Thread Group 1-81,text,true,,335,494,100,100,http://localhost:8080/web/index.php/api/v2/recruitment/candidates,3233,0,0
1768323617511,3235,Create Candidate Request,200,OK,Candidate Creation Thread Group 1-82,text,true,,335,494,100,100,http://localhost:8080/web/index.php/api/v2/recruitment/candidates,3235,0,1
1768323617530,3234,Create Candidate Request,200,OK,Candidate Creation Thread Group 1-83,text,true,,335,494,100,100,http://localhost:8080/web/index.php/api/v2/recruitment/candidates,3233,0,0
1768323617550,3247,Create Candidate Request,200,OK,Candidate Creation Thread Group 1-84,text,true,,335,494,100,100,http://localhost:8080/web/index.php/api/v2/recruitment/candidates,3246,0,0
1768323617570,3246,Create Candidate Request,200,OK,Candidate Creation Thread Group 1-85,text,true,,335,494,100,100,http://localhost:8080/web/index.php/api/v2/recruitment/candidates,3246,0,0
1768323617592,3251,Create Candidate Request,200,OK,Candidate Creation Thread Group 1-86,text,true,,335,494,100,100,http://localhost:8080/web/index.php/api/v2/recruitment/candidates,3251,0,0
1768323617610,3254,Create Candidate Request,200,OK,Candidate Creation Thread Group 1-87,text,true,,335,494,100,100,http://localhost:8080/web/index.php/api/v2/recruitment/candidates,3254,0,1
1768323617629,3269,Create Candidate Request,200,OK,Candidate Creation Thread Group 1-88,text,true,,335,494,100,100,http://localhost:8080/web/index.php/api/v2/recruitment/candidates,3269,0,1
1768323617650,3266,Create Candidate Request,200,OK,Candidate Creation Thread Group 1-89,text,true,,335,494,100,100,http://localhost:8080/web/index.php/api/v2/recruitment/candidates,3266,0,1
1768323617670,3268,Create Candidate Request,200,OK,Candidate Creation Thread Group 1-90,text,true,,335,494,100,100,http://localhost:8080/web/index.php/api/v2/recruitment/candidates,3268,0,0
1768323617691,3267,Create Candidate Request,200,OK,Candidate Creation Thread Group 1-91,text,true,,335,494,100,100,http://localhost:8080/web/index.php/api/v2/recruitment/candidates,3267,0,0
1768323617710,3282,Create Candidate Request,200,OK,Candidate Creation Thread Group 1-92,text,true,,335,494,100,100,http://localhost:8080/web/index.php/api/v2/recruitment/candidates,3282,0,0
1768323617730,3280,Create Candidate Request,200,OK,Candidate Creation Thread Group 1-93,text,true,,335,494,100,100,http://localhost:8080/web/index.php/api/v2/recruitment/candidates,3280,0,0
1768323617750,3282,Create Candidate Request,200,OK,Candidate Creation Thread Group 1-94,text,true,,335,494,100,100,http://localhost:8080/web/index.php/api/v2/recruitment/candidates,3282,0,0
1768323617770,3282,Create Candidate Request,200,OK,Candidate Creation Thread Group 1-95,text,true,,332,491,100,100,http://localhost:8080/web/index.php/api/v2/recruitment/candidates,3282,0,0
1768323617792,3300,Create Candidate Request,200,OK,Candidate Creation Thread Group 1-96,text,true,,332,491,100,100,http://localhost:8080/web/index.php/api/v2/recruitment/candidates,3300,0,0
1768323617811,3303,Create Candidate Request,200,OK,Candidate Creation Thread Group 1-97,text,true,,332,491,100,100,http://localhost:8080/web/index.php/api/v2/recruitment/candidates,3303,0,0
1768323617830,3306,Create Candidate Request,200,OK,Candidate Creation Thread Group 1-98,text,true,,332,491,100,100,http://localhost:8080/web/index.php/api/v2/recruitment/candidates,3306,0,0
1768323617870,3289,Create Candidate Request,200,OK,Candidate Creation Thread Group 1-100,text,true,,332,491,100,100,http://localhost:8080/web/index.php/api/v2/recruitment/candidates,3289,0,0
1768323617850,3350,Create Candidate Request,200,OK,Candidate Creation Thread Group 1-99,text,true,,332,491,100,100,http://localhost:8080/web/index.php/api/v2/recruitment/candidates,3349,0,0
1768323617999,3484,Create Candidate Request,200,OK,Candidate Creation Thread Group 1-14,text,true,,332,491,100,100,http://localhost:8080/web/index.php/api/v2/recruitment/candidates,3484,0,0
1768323618403,3100,Create Candidate Request,200,OK,Candidate Creation Thread Group 1-2,text,true,,332,491,100,100,http://localhost:8080/web/index.php/api/v2/recruitment/candidates,3100,0,0
1768323618501,3018,Create Candidate Request,200,OK,Candidate Creation Thread Group 1-23,text,true,,332,491,100,100,http://localhost:8080/web/index.php/api/v2/recruitment/candidates,3018,0,0
1768323618516,3082,Create Candidate Request,200,OK,Candidate Creation Thread Group 1-6,text,true,,335,494,100,100,http://localhost:8080/web/index.php/api/v2/recruitment/candidates,3082,0,0
1768323618591,3025,Create Candidate Request,200,OK,Candidate Creation Thread Group 1-29,text,true,,335,494,100,100,http://localhost:8080/web/index.php/api/v2/recruitment/candidates,3025,0,0
1768323618607,3033,Create Candidate Request,200,OK,Candidate Creation Thread Group 1-3,text,true,,335,494,100,100,http://localhost:8080/web/index.php/api/v2/recruitment/candidates,3033,0,0
1768323618623,3068,Create Candidate Request,200,OK,Candidate Creation Thread Group 1-7,text,true,,335,494,100,100,http://localhost:8080/web/index.php/api/v2/recruitment/candidates,3068,0,0
1768323618640,3070,Create Candidate Request,200,OK,Candidate Creation Thread Group 1-8,text,true,,335,494,100,100,http://localhost:8080/web/index.php/api/v2/recruitment/candidates,3070,0,0
1768323618689,3037,Create Candidate Request,200,OK,Candidate Creation Thread Group 1-10,text,true,,335,494,100,100,http://localhost:8080/web/index.php/api/v2/recruitment/candidates,3037,0,0
1768323618711,3071,Create Candidate Request,200,OK,Candidate Creation Thread Group 1-9,text,true,,335,494,100,100,http://localhost:8080/web/index.php/api/v2/recruitment/candidates,3035,0,0
1768323618728,3075,Create Candidate Request,200,OK,Candidate Creation Thread Group 1-33,text,true,,335,494,100,100,http://localhost:8080/web/index.php/api/v2/recruitment/candidates,3074,0,0
1768323618745,3074,Create Candidate Request,200,OK,Candidate Creation Thread Group 1-11,text,true,,335,494,100,100,http://localhost:8080/web/index.php/api/v2/recruitment/candidates,3074,0,0
1768323618761,3079,Create Candidate Request,200,OK,Candidate Creation Thread Group 1-1,text,true,,335,494,100,100,http://localhost:8080/web/index.php/api/v2/recruitment/candidates,3078,0,1
1768323618798,3103,Create Candidate Request,200,OK,Candidate Creation Thread Group 1-32,text,true,,335,494,100,100,http://localhost:8080/web/index.php/api/v2/recruitment/candidates,3102,0,1
1768323618816,3101,Create Candidate Request,200,OK,Candidate Creation Thread Group 1-24,text,true,,335,494,100,100,http://localhost:8080/web/index.php/api/v2/recruitment/candidates,3101,0,0
1768323618834,3100,Create Candidate Request,200,OK,Candidate Creation Thread Group 1-27,text,true,,335,494,100,100,http://localhost:8080/web/index.php/api/v2/recruitment/candidates,3100,0,0
1768323618851,3131,Create Candidate Request,200,OK,Candidate Creation Thread Group 1-12,text,true,,335,494,100,100,http://localhost:8080/web/index.php/api/v2/recruitment/candidates,3102,0,0
1768323618903,3094,Create Candidate Request,200,OK,Candidate Creation Thread Group 1-21,text,true,,335,494,100,100,http://localhost:8080/web/index.php/api/v2/recruitment/candidates,3093,0,0
1768323618919,3097,Create Candidate Request,200,OK,Candidate Creation Thread Group 1-16,text,true,,335,494,100,100,http://localhost:8080/web/index.php/api/v2/recruitment/candidates,3097,0,1
1768323618938,3098,Create Candidate Request,200,OK,Candidate Creation Thread Group 1-17,text,true,,335,494,100,100,http://localhost:8080/web/index.php/api/v2/recruitment/candidates,3097,0,0
1768323618993,3104,Create Candidate Request,200,OK,Candidate Creation Thread Group 1-13,text,true,,335,494,100,100,http://localhost:8080/web/index.php/api/v2/recruitment/candidates,3104,0,0
1768323619011,3104,Create Candidate Request,200,OK,Candidate Creation Thread Group 1-34,text,true,,335,494,100,100,http://localhost:8080/web/index.php/api/v2/recruitment/candidates,3104,0,0
1768323619032,3099,Create Candidate Request,200,OK,Candidate Creation Thread Group 1-5,text,true,,335,494,100,100,http://localhost:8080/web/index.php/api/v2/recruitment/candidates,3099,0,0
1768323619051,3097,Create Candidate Request,200,OK,Candidate Creation Thread Group 1-65,text,true,,335,494,100,100,http://localhost:8080/web/index.php/api/v2/recruitment/candidates,3097,0,0
1768323619097,3099,Create Candidate Request,200,OK,Candidate Creation Thread Group 1-46,text,true,,335,494,100,100,http://localhost:8080/web/index.php/api/v2/recruitment/candidates,3099,0,0
1768323619115,3169,Create Candidate Request,200,OK,Candidate Creation Thread Group 1-67,text,true,,335,494,100,100,http://localhost:8080/web/index.php/api/v2/recruitment/candidates,3168,0,0
1768323619132,3554,Create Candidate Request,200,OK,Candidate Creation Thread Group 1-48,text,true,,335,494,100,100,http://localhost:8080/web/index.php/api/v2/recruitment/candidates,3554,0,1
1768323619149,3652,Create Candidate Request,200,OK,Candidate Creation Thread Group 1-37,text,true,,335,494,100,100,http://localhost:8080/web/index.php/api/v2/recruitment/candidates,3652,0,0
1768323619196,3707,Create Candidate Request,200,OK,Candidate Creation Thread Group 1-54,text,true,,335,494,100,100,http://localhost:8080/web/index.php/api/v2/recruitment/candidates,3707,0,1
1768323619216,3704,Create Candidate Request,200,OK,Candidate Creation Thread Group 1-22,text,true,,335,494,100,100,http://localhost:8080/web/index.php/api/v2/recruitment/candidates,3704,0,0
1768323619300,3689,Create Candidate Request,200,OK,Candidate Creation Thread Group 1-15,text,true,,335,494,100,100,http://localhost:8080/web/index.php/api/v2/recruitment/candidates,3689,0,0
1768323619316,3689,Create Candidate Request,200,OK,Candidate Creation Thread Group 1-18,text,true,,335,494,100,100,http://localhost:8080/web/index.php/api/v2/recruitment/candidates,3689,0,0
1768323619335,3686,Create Candidate Request,200,OK,Candidate Creation Thread Group 1-40,text,true,,335,494,100,100,http://localhost:8080/web/index.php/api/v2/recruitment/candidates,3686,0,0
1768323619382,3658,Create Candidate Request,200,OK,Candidate Creation Thread Group 1-64,text,true,,335,494,100,100,http://localhost:8080/web/index.php/api/v2/recruitment/candidates,3658,0,1
1768323619400,3697,Create Candidate Request,200,OK,Candidate Creation Thread Group 1-42,text,true,,335,494,100,100,http://localhost:8080/web/index.php/api/v2/recruitment/candidates,3697,0,0
1768323619417,3699,Create Candidate Request,200,OK,Candidate Creation Thread Group 1-31,text,true,,335,494,100,100,http://localhost:8080/web/index.php/api/v2/recruitment/candidates,3699,0,1
1768323619434,3701,Create Candidate Request,200,OK,Candidate Creation Thread Group 1-30,text,true,,335,494,100,100,http://localhost:8080/web/index.php/api/v2/recruitment/candidates,3701,0,0
1768323619524,3628,Create Candidate Request,200,OK,Candidate Creation Thread Group 1-43,text,true,,335,494,100,100,http://localhost:8080/web/index.php/api/v2/recruitment/candidates,3628,0,0
1768323619501,3697,Create Candidate Request,200,OK,Candidate Creation Thread Group 1-41,text,true,,335,494,100,100,http://localhost:8080/web/index.php/api/v2/recruitment/candidates,3696,0,0
1768323619545,3670,Create Candidate Request,200,OK,Candidate Creation Thread Group 1-20,text,true,,335,494,100,100,http://localhost:8080/web/index.php/api/v2/recruitment/candidates,3670,0,0
1768323619455,3778,Create Candidate Request,200,OK,Candidate Creation Thread Group 1-36,text,true,,335,494,100,100,http://localhost:8080/web/index.php/api/v2/recruitment/candidates,3778,0,0
1768323619595,3694,Create Candidate Request,200,OK,Candidate Creation Thread Group 1-51,text,true,,335,494,100,100,http://localhost:8080/web/index.php/api/v2/recruitment/candidates,3694,0,0
1768323619622,3685,Create Candidate Request,200,OK,Candidate Creation Thread Group 1-4,text,true,,335,494,100,100,http://localhost:8080/web/index.php/api/v2/recruitment/candidates,3685,0,1
1768323619643,3682,Create Candidate Request,200,OK,Candidate Creation Thread Group 1-35,text,true,,335,494,100,100,http://localhost:8080/web/index.php/api/v2/recruitment/candidates,3682,0,0
1768323619661,3731,Create Candidate Request,200,OK,Candidate Creation Thread Group 1-56,text,true,,332,491,100,100,http://localhost:8080/web/index.php/api/v2/recruitment/candidates,3730,0,1
1768323619699,3709,Create Candidate Request,200,OK,Candidate Creation Thread Group 1-19,text,true,,332,491,100,100,http://localhost:8080/web/index.php/api/v2/recruitment/candidates,3709,0,0
1768323619732,3696,Create Candidate Request,200,OK,Candidate Creation Thread Group 1-47,text,true,,332,491,100,100,http://localhost:8080/web/index.php/api/v2/recruitment/candidates,3696,0,0
1768323619752,3694,Create Candidate Request,200,OK,Candidate Creation Thread Group 1-49,text,true,,332,491,100,100,http://localhost:8080/web/index.php/api/v2/recruitment/candidates,3694,0,0
1768323619770,3729,Create Candidate Request,200,OK,Candidate Creation Thread Group 1-63,text,true,,332,491,100,100,http://localhost:8080/web/index.php/api/v2/recruitment/candidates,3729,0,0
1768323619798,3719,Create Candidate Request,200,OK,Candidate Creation Thread Group 1-66,text,true,,332,491,100,100,http://localhost:8080/web/index.php/api/v2/recruitment/candidates,3719,0,0
1768323619820,3720,Create Candidate Request,200,OK,Candidate Creation Thread Group 1-55,text,true,,332,491,100,100,http://localhost:8080/web/index.php/api/v2/recruitment/candidates,3719,0,0
1768323619842,3754,Create Candidate Request,200,OK,Candidate Creation Thread Group 1-58,text,true,,332,491,100,100,http://localhost:8080/web/index.php/api/v2/recruitment/candidates,3754,0,1
1768323619864,3749,Create Candidate Request,200,OK,Candidate Creation Thread Group 1-52,text,true,,332,491,100,100,http://localhost:8080/web/index.php/api/v2/recruitment/candidates,3749,0,0
1768323619901,3729,Create Candidate Request,200,OK,Candidate Creation Thread Group 1-57,text,true,,335,494,100,100,http://localhost:8080/web/index.php/api/v2/recruitment/candidates,3729,0,0
1768323619919,3772,Create Candidate Request,200,OK,Candidate Creation Thread Group 1-28,text,true,,335,494,100,100,http://localhost:8080/web/index.php/api/v2/recruitment/candidates,3772,0,0
1768323619942,3770,Create Candidate Request,200,OK,Candidate Creation Thread Group 1-45,text,true,,335,494,100,100,http://localhost:8080/web/index.php/api/v2/recruitment/candidates,3770,0,0
1768323619960,3771,Create Candidate Request,200,OK,Candidate Creation Thread Group 1-44,text,true,,335,494,100,100,http://localhost:8080/web/index.php/api/v2/recruitment/candidates,3771,0,0
1768323620001,3751,Create Candidate Request,200,OK,Candidate Creation Thread Group 1-70,text,true,,335,494,100,100,http://localhost:8080/web/index.php/api/v2/recruitment/candidates,3751,0,0
1768323620023,3772,Create Candidate Request,200,OK,Candidate Creation Thread Group 1-53,text,true,,335,494,100,100,http://localhost:8080/web/index.php/api/v2/recruitment/candidates,3772,0,0
1768323620044,3767,Create Candidate Request,200,OK,Candidate Creation Thread Group 1-25,text,true,,335,494,100,100,http://localhost:8080/web/index.php/api/v2/recruitment/candidates,3767,0,1
1768323620062,3767,Create Candidate Request,200,OK,Candidate Creation Thread Group 1-50,text,true,,335,494,100,100,http://localhost:8080/web/index.php/api/v2/recruitment/candidates,3767,0,0
1768323620103,3744,Create Candidate Request,200,OK,Candidate Creation Thread Group 1-61,text,true,,335,494,100,100,http://localhost:8080/web/index.php/api/v2/recruitment/candidates,3744,0,0
1768323620121,3779,Create Candidate Request,200,OK,Candidate Creation Thread Group 1-26,text,true,,335,494,100,100,http://localhost:8080/web/index.php/api/v2/recruitment/candidates,3779,0,0
1768323620143,3773,Create Candidate Request,200,OK,Candidate Creation Thread Group 1-38,text,true,,335,494,100,100,http://localhost:8080/web/index.php/api/v2/recruitment/candidates,3773,0,0
1768323620182,3754,Create Candidate Request,200,OK,Candidate Creation Thread Group 1-62,text,true,,335,494,100,100,http://localhost:8080/web/index.php/api/v2/recruitment/candidates,3753,0,1
1768323620204,3791,Create Candidate Request,200,OK,Candidate Creation Thread Group 1-68,text,true,,335,494,100,100,http://localhost:8080/web/index.php/api/v2/recruitment/candidates,3790,0,0
1768323620298,3715,Create Candidate Request,200,OK,Candidate Creation Thread Group 1-39,text,true,,335,494,100,100,http://localhost:8080/web/index.php/api/v2/recruitment/candidates,3714,0,1
1768323620397,3635,Create Candidate Request,200,OK,Candidate Creation Thread Group 1-60,text,true,,335,494,100,100,http://localhost:8080/web/index.php/api/v2/recruitment/candidates,3634,0,0
1768323620422,3666,Create Candidate Request,200,OK,Candidate Creation Thread Group 1-69,text,true,,335,494,100,100,http://localhost:8080/web/index.php/api/v2/recruitment/candidates,3666,0,0
1768323620446,3659,Create Candidate Request,200,OK,Candidate Creation Thread Group 1-59,text,true,,335,494,100,100,http://localhost:8080/web/index.php/api/v2/recruitment/candidates,3659,0,0
1768323620469,3651,Create Candidate Request,200,OK,Candidate Creation Thread Group 1-71,text,true,,335,494,100,100,http://localhost:8080/web/index.php/api/v2/recruitment/candidates,3651,0,0
1768323620497,3639,Create Candidate Request,200,OK,Candidate Creation Thread Group 1-72,text,true,,335,494,100,100,http://localhost:8080/web/index.php/api/v2/recruitment/candidates,3638,0,0
1768323620517,3678,Create Candidate Request,200,OK,Candidate Creation Thread Group 1-73,text,true,,335,494,100,100,http://localhost:8080/web/index.php/api/v2/recruitment/candidates,3678,0,0
1768323620541,3676,Create Candidate Request,200,OK,Candidate Creation Thread Group 1-74,text,true,,335,494,100,100,http://localhost:8080/web/index.php/api/v2/recruitment/candidates,3676,0,0
1768323620564,3671,Create Candidate Request,200,OK,Candidate Creation Thread Group 1-75,text,true,,335,494,100,100,http://localhost:8080/web/index.php/api/v2/recruitment/candidates,3670,0,0
1768323620698,3555,Create Candidate Request,200,OK,Candidate Creation Thread Group 1-80,text,true,,335,494,100,100,http://localhost:8080/web/index.php/api/v2/recruitment/candidates,3555,0,0
1768323624235,65,Create Candidate Request,200,OK,Candidate Creation Thread Group 1-75,text,true,,335,494,100,100,http://localhost:8080/web/index.php/api/v2/recruitment/candidates,65,0,0
1768323620764,3556,Create Candidate Request,200,OK,Candidate Creation Thread Group 1-83,text,true,,335,494,100,100,http://localhost:8080/web/index.php/api/v2/recruitment/candidates,3555,0,0
1768323620601,3740,Create Candidate Request,200,OK,Candidate Creation Thread Group 1-76,text,true,,335,494,100,100,http://localhost:8080/web/index.php/api/v2/recruitment/candidates,3740,0,0
1768323620622,3775,Create Candidate Request,200,OK,Candidate Creation Thread Group 1-77,text,true,,335,494,100,100,http://localhost:8080/web/index.php/api/v2/recruitment/candidates,3774,0,0
1768323620643,3773,Create Candidate Request,200,OK,Candidate Creation Thread Group 1-78,text,true,,335,494,100,100,http://localhost:8080/web/index.php/api/v2/recruitment/candidates,3773,0,0
1768323620664,3770,Create Candidate Request,200,OK,Candidate Creation Thread Group 1-79,text,true,,335,494,100,100,http://localhost:8080/web/index.php/api/v2/recruitment/candidates,3770,0,0
1768323620727,3723,Create Candidate Request,200,OK,Candidate Creation Thread Group 1-81,text,true,,335,494,100,100,http://localhost:8080/web/index.php/api/v2/recruitment/candidates,3722,0,0
1768323620746,3755,Create Candidate Request,200,OK,Candidate Creation Thread Group 1-82,text,true,,335,494,100,100,http://localhost:8080/web/index.php/api/v2/recruitment/candidates,3755,0,0
1768323620797,3723,Create Candidate Request,200,OK,Candidate Creation Thread Group 1-84,text,true,,335,494,100,100,http://localhost:8080/web/index.php/api/v2/recruitment/candidates,3723,0,0
1768323620816,3724,Create Candidate Request,200,OK,Candidate Creation Thread Group 1-85,text,true,,335,494,100,100,http://localhost:8080/web/index.php/api/v2/recruitment/candidates,3724,0,0
1768323620843,3746,Create Candidate Request,200,OK,Candidate Creation Thread Group 1-86,text,true,,335,494,100,100,http://localhost:8080/web/index.php/api/v2/recruitment/candidates,3745,0,1
1768323620864,3743,Create Candidate Request,200,OK,Candidate Creation Thread Group 1-87,text,true,,335,494,100,100,http://localhost:8080/web/index.php/api/v2/recruitment/candidates,3742,0,1
1768323620898,3728,Create Candidate Request,200,OK,Candidate Creation Thread Group 1-88,text,true,,335,494,100,100,http://localhost:8080/web/index.php/api/v2/recruitment/candidates,3728,0,0
1768323620916,3725,Create Candidate Request,200,OK,Candidate Creation Thread Group 1-89,text,true,,335,494,100,100,http://localhost:8080/web/index.php/api/v2/recruitment/candidates,3725,0,0
1768323620938,3758,Create Candidate Request,200,OK,Candidate Creation Thread Group 1-90,text,true,,335,494,100,100,http://localhost:8080/web/index.php/api/v2/recruitment/candidates,3758,0,0
1768323620958,3754,Create Candidate Request,200,OK,Candidate Creation Thread Group 1-91,text,true,,335,494,100,100,http://localhost:8080/web/index.php/api/v2/recruitment/candidates,3754,0,1
1768323620993,3740,Create Candidate Request,200,OK,Candidate Creation Thread Group 1-92,text,true,,335,494,100,100,http://localhost:8080/web/index.php/api/v2/recruitment/candidates,3740,0,0
1768323621010,3741,Create Candidate Request,200,OK,Candidate Creation Thread Group 1-93,text,true,,335,494,100,100,http://localhost:8080/web/index.php/api/v2/recruitment/candidates,3740,0,0
1768323621032,3768,Create Candidate Request,200,OK,Candidate Creation Thread Group 1-94,text,true,,335,494,100,100,http://localhost:8080/web/index.php/api/v2/recruitment/candidates,3768,0,0
1768323621053,3763,Create Candidate Request,200,OK,Candidate Creation Thread Group 1-95,text,true,,332,491,100,100,http://localhost:8080/web/index.php/api/v2/recruitment/candidates,3763,0,0
1768323621093,3743,Create Candidate Request,200,OK,Candidate Creation Thread Group 1-96,text,true,,332,491,100,100,http://localhost:8080/web/index.php/api/v2/recruitment/candidates,3743,0,0
1768323621114,3782,Create Candidate Request,200,OK,Candidate Creation Thread Group 1-97,text,true,,332,491,100,100,http://localhost:8080/web/index.php/api/v2/recruitment/candidates,3782,0,0
1768323621136,3777,Create Candidate Request,200,OK,Candidate Creation Thread Group 1-98,text,true,,332,491,100,100,http://localhost:8080/web/index.php/api/v2/recruitment/candidates,3777,0,0
1768323621160,3770,Create Candidate Request,200,OK,Candidate Creation Thread Group 1-100,text,true,,332,491,100,100,http://localhost:8080/web/index.php/api/v2/recruitment/candidates,3770,0,0
1768323621200,3748,Create Candidate Request,200,OK,Candidate Creation Thread Group 1-99,text,true,,332,491,100,100,http://localhost:8080/web/index.php/api/v2/recruitment/candidates,3748,0,0
1768323621483,3514,Create Candidate Request,200,OK,Candidate Creation Thread Group 1-14,text,true,,332,491,100,100,http://localhost:8080/web/index.php/api/v2/recruitment/candidates,3513,0,1
1768323621503,3509,Create Candidate Request,200,OK,Candidate Creation Thread Group 1-2,text,true,,332,491,100,100,http://localhost:8080/web/index.php/api/v2/recruitment/candidates,3508,0,0
1768323621520,3508,Create Candidate Request,200,OK,Candidate Creation Thread Group 1-23,text,true,,332,491,100,100,http://localhost:8080/web/index.php/api/v2/recruitment/candidates,3508,0,0
1768323621598,3490,Create Candidate Request,200,OK,Candidate Creation Thread Group 1-6,text,true,,335,494,100,100,http://localhost:8080/web/index.php/api/v2/recruitment/candidates,3490,0,1
1768323621616,3490,Create Candidate Request,200,OK,Candidate Creation Thread Group 1-29,text,true,,335,494,100,100,http://localhost:8080/web/index.php/api/v2/recruitment/candidates,3490,0,1
1768323621640,3482,Create Candidate Request,200,OK,Candidate Creation Thread Group 1-3,text,true,,335,494,100,100,http://localhost:8080/web/index.php/api/v2/recruitment/candidates,3481,0,0
1768323621691,3448,Create Candidate Request,200,OK,Candidate Creation Thread Group 1-7,text,true,,335,494,100,100,http://localhost:8080/web/index.php/api/v2/recruitment/candidates,3447,0,1
1768323621710,3443,Create Candidate Request,200,OK,Candidate Creation Thread Group 1-8,text,true,,335,494,100,100,http://localhost:8080/web/index.php/api/v2/recruitment/candidates,3443,0,0
1768323621726,3471,Create Candidate Request,200,OK,Candidate Creation Thread Group 1-10,text,true,,335,494,100,100,http://localhost:8080/web/index.php/api/v2/recruitment/candidates,3471,0,1
1768323621803,3413,Create Candidate Request,200,OK,Candidate Creation Thread Group 1-33,text,true,,335,494,100,100,http://localhost:8080/web/index.php/api/v2/recruitment/candidates,3412,0,0
1768323621934,3298,Create Candidate Request,200,OK,Candidate Creation Thread Group 1-27,text,true,,335,494,100,100,http://localhost:8080/web/index.php/api/v2/recruitment/candidates,3298,0,1
1768323621917,3375,Create Candidate Request,200,OK,Candidate Creation Thread Group 1-24,text,true,,335,494,100,100,http://localhost:8080/web/index.php/api/v2/recruitment/candidates,3375,0,0
1768323621782,3528,Create Candidate Request,200,OK,Candidate Creation Thread Group 1-9,text,true,,335,494,100,100,http://localhost:8080/web/index.php/api/v2/recruitment/candidates,3528,0,1
1768323622016,3313,Create Candidate Request,200,OK,Candidate Creation Thread Group 1-16,text,true,,335,494,100,100,http://localhost:8080/web/index.php/api/v2/recruitment/candidates,3313,0,0
1768323622115,3236,Create Candidate Request,200,OK,Candidate Creation Thread Group 1-34,text,true,,335,494,100,100,http://localhost:8080/web/index.php/api/v2/recruitment/candidates,3236,0,0
1768323622148,3252,Create Candidate Request,200,OK,Candidate Creation Thread Group 1-65,text,true,,335,494,100,100,http://localhost:8080/web/index.php/api/v2/recruitment/candidates,3251,0,1
1768323621819,3600,Create Candidate Request,200,OK,Candidate Creation Thread Group 1-11,text,true,,335,494,100,100,http://localhost:8080/web/index.php/api/v2/recruitment/candidates,3599,0,0
1768323621997,3440,Create Candidate Request,200,OK,Candidate Creation Thread Group 1-21,text,true,,335,494,100,100,http://localhost:8080/web/index.php/api/v2/recruitment/candidates,3440,0,0
1768323622196,3286,Create Candidate Request,200,OK,Candidate Creation Thread Group 1-46,text,true,,335,494,100,100,http://localhost:8080/web/index.php/api/v2/recruitment/candidates,3257,0,0
1768323621840,3660,Create Candidate Request,200,OK,Candidate Creation Thread Group 1-1,text,true,,335,494,100,100,http://localhost:8080/web/index.php/api/v2/recruitment/candidates,3660,0,0
1768323621982,3538,Create Candidate Request,200,OK,Candidate Creation Thread Group 1-12,text,true,,335,494,99,99,http://localhost:8080/web/index.php/api/v2/recruitment/candidates,3538,0,1
1768323622036,3507,Create Candidate Request,200,OK,Candidate Creation Thread Group 1-17,text,true,,335,494,99,99,http://localhost:8080/web/index.php/api/v2/recruitment/candidates,3506,0,0
1768323621901,3661,Create Candidate Request,200,OK,Candidate Creation Thread Group 1-32,text,true,,335,494,99,99,http://localhost:8080/web/index.php/api/v2/recruitment/candidates,3660,0,0
1768323622284,3314,Create Candidate Request,200,OK,Candidate Creation Thread Group 1-67,text,true,,335,494,99,99,http://localhost:8080/web/index.php/api/v2/recruitment/candidates,3314,0,0
1768323622097,3520,Create Candidate Request,200,OK,Candidate Creation Thread Group 1-13,text,true,,335,494,99,99,http://localhost:8080/web/index.php/api/v2/recruitment/candidates,3520,0,0
1768323622132,3506,Create Candidate Request,200,OK,Candidate Creation Thread Group 1-5,text,true,,335,494,99,99,http://localhost:8080/web/index.php/api/v2/recruitment/candidates,3506,0,0
1768323622686,3009,Create Candidate Request,200,OK,Candidate Creation Thread Group 1-48,text,true,,335,494,99,99,http://localhost:8080/web/index.php/api/v2/recruitment/candidates,3009,0,0
1768323622801,2912,Create Candidate Request,200,OK,Candidate Creation Thread Group 1-37,text,true,,335,494,99,99,http://localhost:8080/web/index.php/api/v2/recruitment/candidates,2912,0,0
1768323622903,2825,Create Candidate Request,200,OK,Candidate Creation Thread Group 1-54,text,true,,335,494,99,99,http://localhost:8080/web/index.php/api/v2/recruitment/candidates,2825,0,0
1768323622920,2825,Create Candidate Request,200,OK,Candidate Creation Thread Group 1-22,text,true,,335,494,99,99,http://localhost:8080/web/index.php/api/v2/recruitment/candidates,2825,0,0
1768323622989,2806,Create Candidate Request,200,OK,Candidate Creation Thread Group 1-15,text,true,,335,494,99,99,http://localhost:8080/web/index.php/api/v2/recruitment/candidates,2806,0,1
1768323623005,2806,Create Candidate Request,200,OK,Candidate Creation Thread Group 1-18,text,true,,335,494,99,99,http://localhost:8080/web/index.php/api/v2/recruitment/candidates,2806,0,1
1768323623021,2807,Create Candidate Request,200,OK,Candidate Creation Thread Group 1-40,text,true,,335,494,99,99,http://localhost:8080/web/index.php/api/v2/recruitment/candidates,2807,0,1
1768323623040,2806,Create Candidate Request,200,OK,Candidate Creation Thread Group 1-64,text,true,,335,494,99,99,http://localhost:8080/web/index.php/api/v2/recruitment/candidates,2805,0,0
1768323623098,2795,Create Candidate Request,200,OK,Candidate Creation Thread Group 1-42,text,true,,335,494,99,99,http://localhost:8080/web/index.php/api/v2/recruitment/candidates,2795,0,0
1768323623116,2793,Create Candidate Request,200,OK,Candidate Creation Thread Group 1-31,text,true,,335,494,99,99,http://localhost:8080/web/index.php/api/v2/recruitment/candidates,2793,0,0
1768323623135,2790,Create Candidate Request,200,OK,Candidate Creation Thread Group 1-30,text,true,,335,494,99,99,http://localhost:8080/web/index.php/api/v2/recruitment/candidates,2790,0,0
1768323623153,2789,Create Candidate Request,200,OK,Candidate Creation Thread Group 1-43,text,true,,335,494,99,99,http://localhost:8080/web/index.php/api/v2/recruitment/candidates,2789,0,0
1768323623198,2798,Create Candidate Request,200,OK,Candidate Creation Thread Group 1-41,text,true,,335,494,99,99,http://localhost:8080/web/index.php/api/v2/recruitment/candidates,2798,0,0
1768323623215,2799,Create Candidate Request,200,OK,Candidate Creation Thread Group 1-20,text,true,,335,494,99,99,http://localhost:8080/web/index.php/api/v2/recruitment/candidates,2798,0,1
1768323623233,2801,Create Candidate Request,200,OK,Candidate Creation Thread Group 1-36,text,true,,335,494,99,99,http://localhost:8080/web/index.php/api/v2/recruitment/candidates,2801,0,0
1768323623289,2763,Create Candidate Request,200,OK,Candidate Creation Thread Group 1-51,text,true,,335,494,99,99,http://localhost:8080/web/index.php/api/v2/recruitment/candidates,2763,0,0
1768323623307,2793,Create Candidate Request,200,OK,Candidate Creation Thread Group 1-4,text,true,,335,494,99,99,http://localhost:8080/web/index.php/api/v2/recruitment/candidates,2793,0,0
1768323623325,2793,Create Candidate Request,200,OK,Candidate Creation Thread Group 1-35,text,true,,335,494,99,99,http://localhost:8080/web/index.php/api/v2/recruitment/candidates,2792,0,1
1768323623392,2744,Create Candidate Request,200,OK,Candidate Creation Thread Group 1-56,text,true,,332,491,99,99,http://localhost:8080/web/index.php/api/v2/recruitment/candidates,2744,0,0
1768323623408,2774,Create Candidate Request,200,OK,Candidate Creation Thread Group 1-19,text,true,,332,491,99,99,http://localhost:8080/web/index.php/api/v2/recruitment/candidates,2746,0,0
1768323623428,2770,Create Candidate Request,200,OK,Candidate Creation Thread Group 1-47,text,true,,332,491,99,99,http://localhost:8080/web/index.php/api/v2/recruitment/candidates,2770,0,0
1768323623446,2770,Create Candidate Request,200,OK,Candidate Creation Thread Group 1-49,text,true,,332,491,99,99,http://localhost:8080/web/index.php/api/v2/recruitment/candidates,2770,0,0
1768323623499,2736,Create Candidate Request,200,OK,Candidate Creation Thread Group 1-63,text,true,,332,491,99,99,http://localhost:8080/web/index.php/api/v2/recruitment/candidates,2735,0,0
1768323623517,2776,Create Candidate Request,200,OK,Candidate Creation Thread Group 1-66,text,true,,332,491,99,99,http://localhost:8080/web/index.php/api/v2/recruitment/candidates,2776,0,0
1768323623540,2773,Create Candidate Request,200,OK,Candidate Creation Thread Group 1-55,text,true,,332,491,99,99,http://localhost:8080/web/index.php/api/v2/recruitment/candidates,2773,0,0
1768323623596,2735,Create Candidate Request,200,OK,Candidate Creation Thread Group 1-58,text,true,,332,491,99,99,http://localhost:8080/web/index.php/api/v2/recruitment/candidates,2735,0,0
1768323623613,2735,Create Candidate Request,200,OK,Candidate Creation Thread Group 1-52,text,true,,332,491,99,99,http://localhost:8080/web/index.php/api/v2/recruitment/candidates,2735,0,1
1768323623630,2770,Create Candidate Request,200,OK,Candidate Creation Thread Group 1-57,text,true,,335,494,99,99,http://localhost:8080/web/index.php/api/v2/recruitment/candidates,2770,0,0
1768323623691,2728,Create Candidate Request,200,OK,Candidate Creation Thread Group 1-28,text,true,,335,494,99,99,http://localhost:8080/web/index.php/api/v2/recruitment/candidates,2728,0,0
1768323623712,2728,Create Candidate Request,200,OK,Candidate Creation Thread Group 1-45,text,true,,335,494,99,99,http://localhost:8080/web/index.php/api/v2/recruitment/candidates,2727,0,0
1768323623731,2763,Create Candidate Request,200,OK,Candidate Creation Thread Group 1-44,text,true,,335,494,99,99,http://localhost:8080/web/index.php/api/v2/recruitment/candidates,2763,0,0
1768323623752,2762,Create Candidate Request,200,OK,Candidate Creation Thread Group 1-70,text,true,,335,494,99,99,http://localhost:8080/web/index.php/api/v2/recruitment/candidates,2761,0,0
1768323623796,2737,Create Candidate Request,200,OK,Candidate Creation Thread Group 1-53,text,true,,335,494,99,99,http://localhost:8080/web/index.php/api/v2/recruitment/candidates,2737,0,0
1768323623811,2742,Create Candidate Request,200,OK,Candidate Creation Thread Group 1-25,text,true,,335,494,99,99,http://localhost:8080/web/index.php/api/v2/recruitment/candidates,2741,0,1
1768323623829,2767,Create Candidate Request,200,OK,Candidate Creation Thread Group 1-50,text,true,,335,494,99,99,http://localhost:8080/web/index.php/api/v2/recruitment/candidates,2767,0,0
1768323623847,2769,Create Candidate Request,200,OK,Candidate Creation Thread Group 1-61,text,true,,335,494,99,99,http://localhost:8080/web/index.php/api/v2/recruitment/candidates,2768,0,0
1768323623900,2736,Create Candidate Request,200,OK,Candidate Creation Thread Group 1-26,text,true,,335,494,99,99,http://localhost:8080/web/index.php/api/v2/recruitment/candidates,2736,0,1
1768323623916,2783,Create Candidate Request,200,OK,Candidate Creation Thread Group 1-38,text,true,,335,494,99,99,http://localhost:8080/web/index.php/api/v2/recruitment/candidates,2783,0,0
1768323623936,2781,Create Candidate Request,200,OK,Candidate Creation Thread Group 1-62,text,true,,335,494,99,99,http://localhost:8080/web/index.php/api/v2/recruitment/candidates,2781,0,0
1768323623995,2741,Create Candidate Request,200,OK,Candidate Creation Thread Group 1-68,text,true,,335,494,99,99,http://localhost:8080/web/index.php/api/v2/recruitment/candidates,2740,0,0
1768323624013,2739,Create Candidate Request,200,OK,Candidate Creation Thread Group 1-39,text,true,,335,494,99,99,http://localhost:8080/web/index.php/api/v2/recruitment/candidates,2739,0,0
1768323624032,2769,Create Candidate Request,200,OK,Candidate Creation Thread Group 1-60,text,true,,335,494,99,99,http://localhost:8080/web/index.php/api/v2/recruitment/candidates,2769,0,0
1768323624088,2730,Create Candidate Request,200,OK,Candidate Creation Thread Group 1-69,text,true,,335,494,99,99,http://localhost:8080/web/index.php/api/v2/recruitment/candidates,2730,0,0
1768323624105,2730,Create Candidate Request,200,OK,Candidate Creation Thread Group 1-59,text,true,,335,494,99,99,http://localhost:8080/web/index.php/api/v2/recruitment/candidates,2730,0,0
1768323624120,2733,Create Candidate Request,200,OK,Candidate Creation Thread Group 1-71,text,true,,335,494,99,99,http://localhost:8080/web/index.php/api/v2/recruitment/candidates,2733,0,0
1768323624136,2763,Create Candidate Request,200,OK,Candidate Creation Thread Group 1-72,text,true,,335,494,99,99,http://localhost:8080/web/index.php/api/v2/recruitment/candidates,2763,0,0
1768323624196,2724,Create Candidate Request,200,OK,Candidate Creation Thread Group 1-73,text,true,,335,494,99,99,http://localhost:8080/web/index.php/api/v2/recruitment/candidates,2722,0,0
1768323624217,2728,Create Candidate Request,200,OK,Candidate Creation Thread Group 1-74,text,true,,335,494,99,99,http://localhost:8080/web/index.php/api/v2/recruitment/candidates,2728,0,1
1768323624253,2744,Create Candidate Request,200,OK,Candidate Creation Thread Group 1-80,text,true,,335,494,99,99,http://localhost:8080/web/index.php/api/v2/recruitment/candidates,2744,0,1
1768323624300,2714,Create Candidate Request,200,OK,Candidate Creation Thread Group 1-75,text,true,,335,494,99,99,http://localhost:8080/web/index.php/api/v2/recruitment/candidates,2713,0,0
1768323624320,2712,Create Candidate Request,200,OK,Candidate Creation Thread Group 1-83,text,true,,335,494,99,99,http://localhost:8080/web/index.php/api/v2/recruitment/candidates,2711,0,0
1768323624342,2708,Create Candidate Request,200,OK,Candidate Creation Thread Group 1-76,text,true,,335,494,99,99,http://localhost:8080/web/index.php/api/v2/recruitment/candidates,2708,0,0
1768323624397,2705,Create Candidate Request,200,OK,Candidate Creation Thread Group 1-77,text,true,,335,494,99,99,http://localhost:8080/web/index.php/api/v2/recruitment/candidates,2705,0,0
1768323624416,2705,Create Candidate Request,200,OK,Candidate Creation Thread Group 1-78,text,true,,335,494,99,99,http://localhost:8080/web/index.php/api/v2/recruitment/candidates,2704,0,0
1768323624434,2707,Create Candidate Request,200,OK,Candidate Creation Thread Group 1-79,text,true,,335,494,99,99,http://localhost:8080/web/index.php/api/v2/recruitment/candidates,2706,0,0
1768323624450,2744,Create Candidate Request,200,OK,Candidate Creation Thread Group 1-81,text,true,,335,494,99,99,http://localhost:8080/web/index.php/api/v2/recruitment/candidates,2744,0,0
1768323624501,2711,Create Candidate Request,200,OK,Candidate Creation Thread Group 1-82,text,true,,335,494,99,99,http://localhost:8080/web/index.php/api/v2/recruitment/candidates,2711,0,0
1768323624520,2707,Create Candidate Request,200,OK,Candidate Creation Thread Group 1-84,text,true,,335,494,99,99,http://localhost:8080/web/index.php/api/v2/recruitment/candidates,2706,0,1
1768323624540,2703,Create Candidate Request,200,OK,Candidate Creation Thread Group 1-85,text,true,,335,494,99,99,http://localhost:8080/web/index.php/api/v2/recruitment/candidates,2703,0,0
1768323624589,2705,Create Candidate Request,200,OK,Candidate Creation Thread Group 1-86,text,true,,335,494,99,99,http://localhost:8080/web/index.php/api/v2/recruitment/candidates,2705,0,0
1768323624607,2704,Create Candidate Request,200,OK,Candidate Creation Thread Group 1-87,text,true,,335,494,99,99,http://localhost:8080/web/index.php/api/v2/recruitment/candidates,2703,0,0
1768323624626,2703,Create Candidate Request,200,OK,Candidate Creation Thread Group 1-88,text,true,,335,494,99,99,http://localhost:8080/web/index.php/api/v2/recruitment/candidates,2703,0,0
1768323624641,2707,Create Candidate Request,200,OK,Candidate Creation Thread Group 1-89,text,true,,335,494,99,99,http://localhost:8080/web/index.php/api/v2/recruitment/candidates,2706,0,0
1768323624696,2703,Create Candidate Request,200,OK,Candidate Creation Thread Group 1-90,text,true,,335,494,99,99,http://localhost:8080/web/index.php/api/v2/recruitment/candidates,2703,0,0
1768323624712,2704,Create Candidate Request,200,OK,Candidate Creation Thread Group 1-91,text,true,,335,494,99,99,http://localhost:8080/web/index.php/api/v2/recruitment/candidates,2704,0,1
1768323624733,2703,Create Candidate Request,200,OK,Candidate Creation Thread Group 1-92,text,true,,335,494,99,99,http://localhost:8080/web/index.php/api/v2/recruitment/candidates,2703,0,1
1768323624751,2740,Create Candidate Request,200,OK,Candidate Creation Thread Group 1-93,text,true,,335,494,99,99,http://localhost:8080/web/index.php/api/v2/recruitment/candidates,2739,0,0
1768323624801,2707,Create Candidate Request,200,OK,Candidate Creation Thread Group 1-94,text,true,,332,491,99,99,http://localhost:8080/web/index.php/api/v2/recruitment/candidates,2707,0,0
1768323624816,2713,Create Candidate Request,200,OK,Candidate Creation Thread Group 1-95,text,true,,332,491,99,99,http://localhost:8080/web/index.php/api/v2/recruitment/candidates,2713,0,0
1768323624836,2718,Create Candidate Request,200,OK,Candidate Creation Thread Group 1-96,text,true,,332,491,99,99,http://localhost:8080/web/index.php/api/v2/recruitment/candidates,2718,0,0
1768323624896,2703,Create Candidate Request,200,OK,Candidate Creation Thread Group 1-97,text,true,,332,491,99,99,http://localhost:8080/web/index.php/api/v2/recruitment/candidates,2703,0,1
1768323624913,2706,Create Candidate Request,200,OK,Candidate Creation Thread Group 1-98,text,true,,332,491,99,99,http://localhost:8080/web/index.php/api/v2/recruitment/candidates,2705,0,0
1768323624931,2705,Create Candidate Request,200,OK,Candidate Creation Thread Group 1-100,text,true,,332,491,99,99,http://localhost:8080/web/index.php/api/v2/recruitment/candidates,2705,0,0
1768323624948,2703,Create Candidate Request,200,OK,Candidate Creation Thread Group 1-99,text,true,,332,491,99,99,http://localhost:8080/web/index.php/api/v2/recruitment/candidates,2703,0,0
1768323624997,2705,Create Candidate Request,200,OK,Candidate Creation Thread Group 1-14,text,true,,332,491,99,99,http://localhost:8080/web/index.php/api/v2/recruitment/candidates,2705,0,0
1768323625012,2706,Create Candidate Request,200,OK,Candidate Creation Thread Group 1-2,text,true,,332,491,99,99,http://localhost:8080/web/index.php/api/v2/recruitment/candidates,2705,0,0
1768323625028,2706,Create Candidate Request,200,OK,Candidate Creation Thread Group 1-23,text,true,,335,494,98,98,http://localhost:8080/web/index.php/api/v2/recruitment/candidates,2706,0,0
1768323625088,2664,Create Candidate Request,200,OK,Candidate Creation Thread Group 1-6,text,true,,335,494,98,98,http://localhost:8080/web/index.php/api/v2/recruitment/candidates,2664,0,0
1768323625106,2693,Create Candidate Request,200,OK,Candidate Creation Thread Group 1-29,text,true,,335,494,98,98,http://localhost:8080/web/index.php/api/v2/recruitment/candidates,2693,0,0
1768323625122,2694,Create Candidate Request,200,OK,Candidate Creation Thread Group 1-3,text,true,,335,494,98,98,http://localhost:8080/web/index.php/api/v2/recruitment/candidates,2694,0,0
1768323625139,2693,Create Candidate Request,200,OK,Candidate Creation Thread Group 1-7,text,true,,335,494,97,97,http://localhost:8080/web/index.php/api/v2/recruitment/candidates,2693,0,0
1768323625153,2696,Create Candidate Request,200,OK,Candidate Creation Thread Group 1-8,text,true,,335,494,97,97,http://localhost:8080/web/index.php/api/v2/recruitment/candidates,2696,0,0
1768323625197,2695,Create Candidate Request,200,OK,Candidate Creation Thread Group 1-10,text,true,,335,494,97,97,http://localhost:8080/web/index.php/api/v2/recruitment/candidates,2695,0,1
1768323625216,2691,Create Candidate Request,200,OK,Candidate Creation Thread Group 1-33,text,true,,335,494,97,97,http://localhost:8080/web/index.php/api/v2/recruitment/candidates,2691,0,0
1768323625232,2690,Create Candidate Request,200,OK,Candidate Creation Thread Group 1-27,text,true,,335,494,97,97,http://localhost:8080/web/index.php/api/v2/recruitment/candidates,2690,0,1
1768323625292,2647,Create Candidate Request,200,OK,Candidate Creation Thread Group 1-24,text,true,,335,494,97,97,http://localhost:8080/web/index.php/api/v2/recruitment/candidates,2647,0,0
1768323625311,2678,Create Candidate Request,200,OK,Candidate Creation Thread Group 1-9,text,true,,335,494,97,97,http://localhost:8080/web/index.php/api/v2/recruitment/candidates,2677,0,0
1768323625329,2676,Create Candidate Request,200,OK,Candidate Creation Thread Group 1-16,text,true,,335,494,97,97,http://localhost:8080/web/index.php/api/v2/recruitment/candidates,2675,0,0
1768323625351,2670,Create Candidate Request,200,OK,Candidate Creation Thread Group 1-34,text,true,,335,494,97,97,http://localhost:8080/web/index.php/api/v2/recruitment/candidates,2670,0,0
1768323625400,2640,Create Candidate Request,200,OK,Candidate Creation Thread Group 1-65,text,true,,335,494,97,97,http://localhost:8080/web/index.php/api/v2/recruitment/candidates,2640,0,0
1768323625419,2673,Create Candidate Request,200,OK,Candidate Creation Thread Group 1-11,text,true,,335,494,97,97,http://localhost:8080/web/index.php/api/v2/recruitment/candidates,2673,0,0
1768323625437,2671,Create Candidate Request,200,OK,Candidate Creation Thread Group 1-21,text,true,,335,494,97,97,http://localhost:8080/web/index.php/api/v2/recruitment/candidates,2671,0,0
1768323625482,2646,Create Candidate Request,200,OK,Candidate Creation Thread Group 1-46,text,true,,335,494,97,97,http://localhost:8080/web/index.php/api/v2/recruitment/candidates,2645,0,1
1768323625520,2627,Create Candidate Request,200,OK,Candidate Creation Thread Group 1-12,text,true,,335,494,97,97,http://localhost:8080/web/index.php/api/v2/recruitment/candidates,2627,0,0
1768323625543,2654,Create Candidate Request,200,OK,Candidate Creation Thread Group 1-17,text,true,,335,494,97,97,http://localhost:8080/web/index.php/api/v2/recruitment/candidates,2654,0,0
1768323625562,2652,Create Candidate Request,200,OK,Candidate Creation Thread Group 1-32,text,true,,335,494,97,97,http://localhost:8080/web/index.php/api/v2/recruitment/candidates,2652,0,0
1768323625599,2633,Create Candidate Request,200,OK,Candidate Creation Thread Group 1-67,text,true,,335,494,97,97,http://localhost:8080/web/index.php/api/v2/recruitment/candidates,2633,0,0
1768323625617,2631,Create Candidate Request,200,OK,Candidate Creation Thread Group 1-13,text,true,,335,494,97,97,http://localhost:8080/web/index.php/api/v2/recruitment/candidates,2631,0,0
1768323625638,2652,Create Candidate Request,200,OK,Candidate Creation Thread Group 1-5,text,true,,335,494,97,97,http://localhost:8080/web/index.php/api/v2/recruitment/candidates,2652,0,0
1768323625695,2612,Create Candidate Request,200,OK,Candidate Creation Thread Group 1-48,text,true,,335,494,96,96,http://localhost:8080/web/index.php/api/v2/recruitment/candidates,2611,0,0
1768323625713,2610,Create Candidate Request,200,OK,Candidate Creation Thread Group 1-37,text,true,,335,494,96,96,http://localhost:8080/web/index.php/api/v2/recruitment/candidates,2610,0,0
1768323625728,2612,Create Candidate Request,200,OK,Candidate Creation Thread Group 1-54,text,true,,335,494,96,96,http://localhost:8080/web/index.php/api/v2/recruitment/candidates,2612,0,1
1768323625746,2646,Create Candidate Request,200,OK,Candidate Creation Thread Group 1-22,text,true,,335,494,96,96,http://localhost:8080/web/index.php/api/v2/recruitment/candidates,2646,0,0
1768323625795,2614,Create Candidate Request,200,OK,Candidate Creation Thread Group 1-15,text,true,,335,494,96,96,http://localhost:8080/web/index.php/api/v2/recruitment/candidates,2613,0,0
1768323625811,2614,Create Candidate Request,200,OK,Candidate Creation Thread Group 1-18,text,true,,335,494,96,96,http://localhost:8080/web/index.php/api/v2/recruitment/candidates,2614,0,0
1768323625828,2617,Create Candidate Request,200,OK,Candidate Creation Thread Group 1-40,text,true,,335,494,96,96,http://localhost:8080/web/index.php/api/v2/recruitment/candidates,2617,0,0
1768323625846,2650,Create Candidate Request,200,OK,Candidate Creation Thread Group 1-64,text,true,,335,494,96,96,http://localhost:8080/web/index.php/api/v2/recruitment/candidates,2650,0,0
1768323625893,2620,Create Candidate Request,200,OK,Candidate Creation Thread Group 1-42,text,true,,335,494,96,96,http://localhost:8080/web/index.php/api/v2/recruitment/candidates,2619,0,1
1768323625909,2621,Create Candidate Request,200,OK,Candidate Creation Thread Group 1-31,text,true,,335,494,96,96,http://localhost:8080/web/index.php/api/v2/recruitment/candidates,2621,0,0
1768323625925,2624,Create Candidate Request,200,OK,Candidate Creation Thread Group 1-30,text,true,,335,494,96,96,http://localhost:8080/web/index.php/api/v2/recruitment/candidates,2624,0,0
1768323625943,2654,Create Candidate Request,200,OK,Candidate Creation Thread Group 1-43,text,true,,335,494,96,96,http://localhost:8080/web/index.php/api/v2/recruitment/candidates,2653,0,0
1768323625996,2618,Create Candidate Request,200,OK,Candidate Creation Thread Group 1-41,text,true,,335,494,96,96,http://localhost:8080/web/index.php/api/v2/recruitment/candidates,2618,0,1
1768323626014,2619,Create Candidate Request,200,OK,Candidate Creation Thread Group 1-20,text,true,,335,494,96,96,http://localhost:8080/web/index.php/api/v2/recruitment/candidates,2618,0,0
1768323626034,2614,Create Candidate Request,200,OK,Candidate Creation Thread Group 1-36,text,true,,335,494,96,96,http://localhost:8080/web/index.php/api/v2/recruitment/candidates,2614,0,0
1768323626052,2650,Create Candidate Request,200,OK,Candidate Creation Thread Group 1-51,text,true,,335,494,96,96,http://localhost:8080/web/index.php/api/v2/recruitment/candidates,2649,0,0
1768323626100,2619,Create Candidate Request,200,OK,Candidate Creation Thread Group 1-4,text,true,,335,494,96,96,http://localhost:8080/web/index.php/api/v2/recruitment/candidates,2618,0,0
1768323626118,2617,Create Candidate Request,200,OK,Candidate Creation Thread Group 1-35,text,true,,335,494,95,95,http://localhost:8080/web/index.php/api/v2/recruitment/candidates,2617,0,0
1768323626137,2616,Create Candidate Request,200,OK,Candidate Creation Thread Group 1-56,text,true,,332,491,95,95,http://localhost:8080/web/index.php/api/v2/recruitment/candidates,2616,0,0
1768323626183,2614,Create Candidate Request,200,OK,Candidate Creation Thread Group 1-19,text,true,,332,491,95,95,http://localhost:8080/web/index.php/api/v2/recruitment/candidates,2613,0,0
1768323626198,2616,Create Candidate Request,200,OK,Candidate Creation Thread Group 1-47,text,true,,332,491,95,95,http://localhost:8080/web/index.php/api/v2/recruitment/candidates,2615,0,0
1768323626216,2615,Create Candidate Request,200,OK,Candidate Creation Thread Group 1-49,text,true,,332,491,95,95,http://localhost:8080/web/index.php/api/v2/recruitment/candidates,2615,0,1
1768323626235,2613,Create Candidate Request,200,OK,Candidate Creation Thread Group 1-63,text,true,,332,491,95,95,http://localhost:8080/web/index.php/api/v2/recruitment/candidates,2613,0,0
1768323626293,2603,Create Candidate Request,200,OK,Candidate Creation Thread Group 1-66,text,true,,332,491,95,95,http://localhost:8080/web/index.php/api/v2/recruitment/candidates,2603,0,0
1768323626314,2598,Create Candidate Request,200,OK,Candidate Creation Thread Group 1-55,text,true,,332,491,95,95,http://localhost:8080/web/index.php/api/v2/recruitment/candidates,2598,0,0
1768323626332,2598,Create Candidate Request,200,OK,Candidate Creation Thread Group 1-58,text,true,,332,491,95,95,http://localhost:8080/web/index.php/api/v2/recruitment/candidates,2598,0,0
1768323626348,2598,Create Candidate Request,200,OK,Candidate Creation Thread Group 1-52,text,true,,332,491,95,95,http://localhost:8080/web/index.php/api/v2/recruitment/candidates,2598,0,0
1768323626400,2598,Create Candidate Request,200,OK,Candidate Creation Thread Group 1-57,text,true,,335,494,95,95,http://localhost:8080/web/index.php/api/v2/recruitment/candidates,2598,0,0
1768323626419,2596,Create Candidate Request,200,OK,Candidate Creation Thread Group 1-28,text,true,,335,494,95,95,http://localhost:8080/web/index.php/api/v2/recruitment/candidates,2595,0,1
1768323626440,2594,Create Candidate Request,200,OK,Candidate Creation Thread Group 1-45,text,true,,335,494,95,95,http://localhost:8080/web/index.php/api/v2/recruitment/candidates,2594,0,0
1768323626494,2557,Create Candidate Request,200,OK,Candidate Creation Thread Group 1-44,text,true,,335,494,95,95,http://localhost:8080/web/index.php/api/v2/recruitment/candidates,2556,0,0
1768323626514,2584,Create Candidate Request,200,OK,Candidate Creation Thread Group 1-70,text,true,,335,494,95,95,http://localhost:8080/web/index.php/api/v2/recruitment/candidates,2584,0,0
1768323626533,2582,Create Candidate Request,200,OK,Candidate Creation Thread Group 1-53,text,true,,335,494,95,95,http://localhost:8080/web/index.php/api/v2/recruitment/candidates,2582,0,0
1768323626553,2578,Create Candidate Request,200,OK,Candidate Creation Thread Group 1-25,text,true,,335,494,95,95,http://localhost:8080/web/index.php/api/v2/recruitment/candidates,2578,0,0
1768323626596,2552,Create Candidate Request,200,OK,Candidate Creation Thread Group 1-50,text,true,,335,494,95,95,http://localhost:8080/web/index.php/api/v2/recruitment/candidates,2552,0,0
1768323626616,2581,Create Candidate Request,200,OK,Candidate Creation Thread Group 1-61,text,true,,335,494,95,95,http://localhost:8080/web/index.php/api/v2/recruitment/candidates,2581,0,0
1768323626636,2577,Create Candidate Request,200,OK,Candidate Creation Thread Group 1-26,text,true,,335,494,95,95,http://localhost:8080/web/index.php/api/v2/recruitment/candidates,2577,0,1
1768323626699,2530,Create Candidate Request,200,OK,Candidate Creation Thread Group 1-38,text,true,,335,494,95,95,http://localhost:8080/web/index.php/api/v2/recruitment/candidates,2530,0,0
1768323626717,2530,Create Candidate Request,200,OK,Candidate Creation Thread Group 1-62,text,true,,335,494,95,95,http://localhost:8080/web/index.php/api/v2/recruitment/candidates,2530,0,0
1768323626736,2562,Create Candidate Request,200,OK,Candidate Creation Thread Group 1-68,text,true,,335,494,95,95,http://localhost:8080/web/index.php/api/v2/recruitment/candidates,2562,0,0
1768323626752,2563,Create Candidate Request,200,OK,Candidate Creation Thread Group 1-39,text,true,,335,494,95,95,http://localhost:8080/web/index.php/api/v2/recruitment/candidates,2562,0,1
1768323626801,2533,Create Candidate Request,200,OK,Candidate Creation Thread Group 1-60,text,true,,335,494,95,95,http://localhost:8080/web/index.php/api/v2/recruitment/candidates,2533,0,1
1768323626818,2576,Create Candidate Request,200,OK,Candidate Creation Thread Group 1-69,text,true,,335,494,95,95,http://localhost:8080/web/index.php/api/v2/recruitment/candidates,2576,0,1
1768323626836,2574,Create Candidate Request,200,OK,Candidate Creation Thread Group 1-59,text,true,,335,494,95,95,http://localhost:8080/web/index.php/api/v2/recruitment/candidates,2574,0,0
1768323626853,2574,Create Candidate Request,200,OK,Candidate Creation Thread Group 1-71,text,true,,335,494,95,95,http://localhost:8080/web/index.php/api/v2/recruitment/candidates,2574,0,1
1768323626899,2545,Create Candidate Request,200,OK,Candidate Creation Thread Group 1-72,text,true,,335,494,95,95,http://localhost:8080/web/index.php/api/v2/recruitment/candidates,2544,0,0
1768323626920,2581,Create Candidate Request,200,OK,Candidate Creation Thread Group 1-73,text,true,,335,494,95,95,http://localhost:8080/web/index.php/api/v2/recruitment/candidates,2581,0,0
1768323626945,2574,Create Candidate Request,200,OK,Candidate Creation Thread Group 1-74,text,true,,335,494,95,95,http://localhost:8080/web/index.php/api/v2/recruitment/candidates,2574,0,0
1768323626997,2542,Create Candidate Request,200,OK,Candidate Creation Thread Group 1-80,text,true,,335,494,95,95,http://localhost:8080/web/index.php/api/v2/recruitment/candidates,2541,0,0
1768323627014,2578,Create Candidate Request,200,OK,Candidate Creation Thread Group 1-75,text,true,,335,494,95,95,http://localhost:8080/web/index.php/api/v2/recruitment/candidates,2577,0,0
1768323627032,2576,Create Candidate Request,200,OK,Candidate Creation Thread Group 1-83,text,true,,335,494,94,94,http://localhost:8080/web/index.php/api/v2/recruitment/candidates,2575,0,0
1768323627050,2575,Create Candidate Request,200,OK,Candidate Creation Thread Group 1-76,text,true,,335,494,94,94,http://localhost:8080/web/index.php/api/v2/recruitment/candidates,2575,0,0
1768323627102,2540,Create Candidate Request,200,OK,Candidate Creation Thread Group 1-77,text,true,,335,494,94,94,http://localhost:8080/web/index.php/api/v2/recruitment/candidates,2540,0,0
1768323627121,2536,Create Candidate Request,200,OK,Candidate Creation Thread Group 1-78,text,true,,335,494,94,94,http://localhost:8080/web/index.php/api/v2/recruitment/candidates,2536,0,0
1768323627141,2555,Create Candidate Request,200,OK,Candidate Creation Thread Group 1-79,text,true,,335,494,94,94,http://localhost:8080/web/index.php/api/v2/recruitment/candidates,2554,0,0
1768323627195,2519,Create Candidate Request,200,OK,Candidate Creation Thread Group 1-81,text,true,,335,494,94,94,http://localhost:8080/web/index.php/api/v2/recruitment/candidates,2519,0,0
1768323627212,2520,Create Candidate Request,200,OK,Candidate Creation Thread Group 1-82,text,true,,335,494,94,94,http://localhost:8080/web/index.php/api/v2/recruitment/candidates,2520,0,0
1768323627227,2522,Create Candidate Request,200,OK,Candidate Creation Thread Group 1-84,text,true,,335,494,94,94,http://localhost:8080/web/index.php/api/v2/recruitment/candidates,2522,0,0
1768323627243,2552,Create Candidate Request,200,OK,Candidate Creation Thread Group 1-85,text,true,,335,494,94,94,http://localhost:8080/web/index.php/api/v2/recruitment/candidates,2552,0,0
1768323627294,2522,Create Candidate Request,200,OK,Candidate Creation Thread Group 1-86,text,true,,335,494,94,94,http://localhost:8080/web/index.php/api/v2/recruitment/candidates,2522,0,0
1768323627311,2521,Create Candidate Request,200,OK,Candidate Creation Thread Group 1-87,text,true,,335,494,94,94,http://localhost:8080/web/index.php/api/v2/recruitment/candidates,2521,0,0
1768323627329,2520,Create Candidate Request,200,OK,Candidate Creation Thread Group 1-88,text,true,,335,494,94,94,http://localhost:8080/web/index.php/api/v2/recruitment/candidates,2520,0,0
1768323627348,2556,Create Candidate Request,200,OK,Candidate Creation Thread Group 1-89,text,true,,335,494,94,94,http://localhost:8080/web/index.php/api/v2/recruitment/candidates,2555,0,0
1768323627399,2522,Create Candidate Request,200,OK,Candidate Creation Thread Group 1-90,text,true,,335,494,94,94,http://localhost:8080/web/index.php/api/v2/recruitment/candidates,2522,0,1
1768323627416,2521,Create Candidate Request,200,OK,Candidate Creation Thread Group 1-91,text,true,,335,494,94,94,http://localhost:8080/web/index.php/api/v2/recruitment/candidates,2521,0,0
1768323627436,2557,Create Candidate Request,200,OK,Candidate Creation Thread Group 1-92,text,true,,335,494,94,94,http://localhost:8080/web/index.php/api/v2/recruitment/candidates,2557,0,1
1768323627491,2520,Create Candidate Request,200,OK,Candidate Creation Thread Group 1-93,text,true,,335,494,94,94,http://localhost:8080/web/index.php/api/v2/recruitment/candidates,2520,0,0
1768323627508,2525,Create Candidate Request,200,OK,Candidate Creation Thread Group 1-94,text,true,,335,494,94,94,http://localhost:8080/web/index.php/api/v2/recruitment/candidates,2525,0,1
1768323627530,2563,Create Candidate Request,200,OK,Candidate Creation Thread Group 1-95,text,true,,332,491,94,94,http://localhost:8080/web/index.php/api/v2/recruitment/candidates,2562,0,0
1768323627554,2557,Create Candidate Request,200,OK,Candidate Creation Thread Group 1-96,text,true,,332,491,94,94,http://localhost:8080/web/index.php/api/v2/recruitment/candidates,2557,0,1
1768323627599,2530,Create Candidate Request,200,OK,Candidate Creation Thread Group 1-97,text,true,,332,491,94,94,http://localhost:8080/web/index.php/api/v2/recruitment/candidates,2529,0,0
1768323627619,2528,Create Candidate Request,200,OK,Candidate Creation Thread Group 1-98,text,true,,332,491,94,94,http://localhost:8080/web/index.php/api/v2/recruitment/candidates,2528,0,0
1768323627636,2555,Create Candidate Request,200,OK,Candidate Creation Thread Group 1-100,text,true,,332,491,94,94,http://localhost:8080/web/index.php/api/v2/recruitment/candidates,2554,0,0
1768323627652,2555,Create Candidate Request,200,OK,Candidate Creation Thread Group 1-99,text,true,,332,491,94,94,http://localhost:8080/web/index.php/api/v2/recruitment/candidates,2554,0,0
1768323627702,2523,Create Candidate Request,200,OK,Candidate Creation Thread Group 1-14,text,true,,332,491,94,94,http://localhost:8080/web/index.php/api/v2/recruitment/candidates,2522,0,1
1768323627734,2507,Create Candidate Request,200,OK,Candidate Creation Thread Group 1-23,text,true,,332,491,93,93,http://localhost:8080/web/index.php/api/v2/recruitment/candidates,2507,0,0
1768323627752,2507,Create Candidate Request,200,OK,Candidate Creation Thread Group 1-6,text,true,,332,491,92,92,http://localhost:8080/web/index.php/api/v2/recruitment/candidates,2507,0,0
1768323627799,2477,Create Candidate Request,200,OK,Candidate Creation Thread Group 1-29,text,true,,335,494,91,91,http://localhost:8080/web/index.php/api/v2/recruitment/candidates,2477,0,1
1768323627833,2460,Create Candidate Request,200,OK,Candidate Creation Thread Group 1-7,text,true,,335,494,90,90,http://localhost:8080/web/index.php/api/v2/recruitment/candidates,2460,0,0
1768323627849,2461,Create Candidate Request,200,OK,Candidate Creation Thread Group 1-8,text,true,,335,494,89,89,http://localhost:8080/web/index.php/api/v2/recruitment/candidates,2461,0,0
1768323627892,2437,Create Candidate Request,200,OK,Candidate Creation Thread Group 1-10,text,true,,335,494,88,88,http://localhost:8080/web/index.php/api/v2/recruitment/candidates,2437,0,0
1768323627907,2441,Create Candidate Request,200,OK,Candidate Creation Thread Group 1-33,text,true,,335,494,87,87,http://localhost:8080/web/index.php/api/v2/recruitment/candidates,2441,0,0
1768323627922,2445,Create Candidate Request,200,OK,Candidate Creation Thread Group 1-27,text,true,,335,494,86,86,http://localhost:8080/web/index.php/api/v2/recruitment/candidates,2445,0,1
1768323627940,2442,Create Candidate Request,200,OK,Candidate Creation Thread Group 1-24,text,true,,335,494,85,85,http://localhost:8080/web/index.php/api/v2/recruitment/candidates,2442,0,0
1768323627989,2410,Create Candidate Request,200,OK,Candidate Creation Thread Group 1-9,text,true,,335,494,84,84,http://localhost:8080/web/index.php/api/v2/recruitment/candidates,2410,0,0
1768323628005,2411,Create Candidate Request,200,OK,Candidate Creation Thread Group 1-16,text,true,,335,494,83,83,http://localhost:8080/web/index.php/api/v2/recruitment/candidates,2411,0,0
1768323628022,2411,Create Candidate Request,200,OK,Candidate Creation Thread Group 1-34,text,true,,335,494,82,82,http://localhost:8080/web/index.php/api/v2/recruitment/candidates,2411,0,0
1768323628041,2409,Create Candidate Request,200,OK,Candidate Creation Thread Group 1-65,text,true,,335,494,81,81,http://localhost:8080/web/index.php/api/v2/recruitment/candidates,2409,0,0
1768323628092,2377,Create Candidate Request,200,OK,Candidate Creation Thread Group 1-11,text,true,,335,494,80,80,http://localhost:8080/web/index.php/api/v2/recruitment/candidates,2377,0,0
1768323628108,2376,Create Candidate Request,200,OK,Candidate Creation Thread Group 1-21,text,true,,335,494,79,79,http://localhost:8080/web/index.php/api/v2/recruitment/candidates,2376,0,1
1768323628128,2375,Create Candidate Request,200,OK,Candidate Creation Thread Group 1-46,text,true,,335,494,78,78,http://localhost:8080/web/index.php/api/v2/recruitment/candidates,2374,0,0
1768323628147,2372,Create Candidate Request,200,OK,Candidate Creation Thread Group 1-12,text,true,,335,494,77,77,http://localhost:8080/web/index.php/api/v2/recruitment/candidates,2372,0,1
1768323628197,2339,Create Candidate Request,200,OK,Candidate Creation Thread Group 1-17,text,true,,335,494,76,76,http://localhost:8080/web/index.php/api/v2/recruitment/candidates,2339,0,0
1768323628214,2339,Create Candidate Request,200,OK,Candidate Creation Thread Group 1-32,text,true,,335,494,75,75,http://localhost:8080/web/index.php/api/v2/recruitment/candidates,2338,0,0
1768323628232,2339,Create Candidate Request,200,OK,Candidate Creation Thread Group 1-67,text,true,,335,494,74,74,http://localhost:8080/web/index.php/api/v2/recruitment/candidates,2339,0,0
1768323628248,2338,Create Candidate Request,200,OK,Candidate Creation Thread Group 1-13,text,true,,335,494,73,73,http://localhost:8080/web/index.php/api/v2/recruitment/candidates,2338,0,0
1768323628307,2296,Create Candidate Request,200,OK,Candidate Creation Thread Group 1-48,text,true,,335,494,72,72,http://localhost:8080/web/index.php/api/v2/recruitment/candidates,2295,0,0
1768323628323,2297,Create Candidate Request,200,OK,Candidate Creation Thread Group 1-37,text,true,,335,494,71,71,http://localhost:8080/web/index.php/api/v2/recruitment/candidates,2297,0,0
1768323628340,2295,Create Candidate Request,200,OK,Candidate Creation Thread Group 1-54,text,true,,335,494,70,70,http://localhost:8080/web/index.php/api/v2/recruitment/candidates,2295,0,0
1768323628393,2257,Create Candidate Request,200,OK,Candidate Creation Thread Group 1-22,text,true,,335,494,69,69,http://localhost:8080/web/index.php/api/v2/recruitment/candidates,2257,0,0
1768323628409,2258,Create Candidate Request,200,OK,Candidate Creation Thread Group 1-15,text,true,,335,494,68,68,http://localhost:8080/web/index.php/api/v2/recruitment/candidates,2258,0,0
1768323628425,2259,Create Candidate Request,200,OK,Candidate Creation Thread Group 1-18,text,true,,335,494,67,67,http://localhost:8080/web/index.php/api/v2/recruitment/candidates,2258,0,1
1768323628445,2253,Create Candidate Request,200,OK,Candidate Creation Thread Group 1-40,text,true,,335,494,66,66,http://localhost:8080/web/index.php/api/v2/recruitment/candidates,2253,0,1
1768323628496,2219,Create Candidate Request,200,OK,Candidate Creation Thread Group 1-64,text,true,,335,494,65,65,http://localhost:8080/web/index.php/api/v2/recruitment/candidates,2219,0,0
1768323628513,2217,Create Candidate Request,200,OK,Candidate Creation Thread Group 1-42,text,true,,335,494,64,64,http://localhost:8080/web/index.php/api/v2/recruitment/candidates,2217,0,0
1768323628530,2219,Create Candidate Request,200,OK,Candidate Creation Thread Group 1-31,text,true,,335,494,63,63,http://localhost:8080/web/index.php/api/v2/recruitment/candidates,2219,0,0
1768323628549,2215,Create Candidate Request,200,OK,Candidate Creation Thread Group 1-30,text,true,,335,494,62,62,http://localhost:8080/web/index.php/api/v2/recruitment/candidates,2215,0,0
1768323628597,2186,Create Candidate Request,200,OK,Candidate Creation Thread Group 1-43,text,true,,335,494,61,61,http://localhost:8080/web/index.php/api/v2/recruitment/candidates,2185,0,0
1768323628614,2185,Create Candidate Request,200,OK,Candidate Creation Thread Group 1-41,text,true,,335,494,60,60,http://localhost:8080/web/index.php/api/v2/recruitment/candidates,2184,0,0
1768323628633,2182,Create Candidate Request,200,OK,Candidate Creation Thread Group 1-20,text,true,,335,494,59,59,http://localhost:8080/web/index.php/api/v2/recruitment/candidates,2182,0,0
1768323628648,2182,Create Candidate Request,200,OK,Candidate Creation Thread Group 1-36,text,true,,335,494,58,58,http://localhost:8080/web/index.php/api/v2/recruitment/candidates,2182,0,0
1768323628702,2148,Create Candidate Request,200,OK,Candidate Creation Thread Group 1-51,text,true,,335,494,57,57,http://localhost:8080/web/index.php/api/v2/recruitment/candidates,2147,0,0
1768323628735,2131,Create Candidate Request,200,OK,Candidate Creation Thread Group 1-35,text,true,,335,494,56,56,http://localhost:8080/web/index.php/api/v2/recruitment/candidates,2130,0,0
1768323628753,2130,Create Candidate Request,200,OK,Candidate Creation Thread Group 1-56,text,true,,335,494,55,55,http://localhost:8080/web/index.php/api/v2/recruitment/candidates,2130,0,0
1768323628797,2104,Create Candidate Request,200,OK,Candidate Creation Thread Group 1-19,text,true,,335,494,54,54,http://localhost:8080/web/index.php/api/v2/recruitment/candidates,2104,0,0
1768323628814,2104,Create Candidate Request,200,OK,Candidate Creation Thread Group 1-47,text,true,,335,494,53,53,http://localhost:8080/web/index.php/api/v2/recruitment/candidates,2104,0,0
1768323628831,2104,Create Candidate Request,200,OK,Candidate Creation Thread Group 1-49,text,true,,335,494,52,52,http://localhost:8080/web/index.php/api/v2/recruitment/candidates,2104,0,0
1768323628848,2102,Create Candidate Request,200,OK,Candidate Creation Thread Group 1-63,text,true,,335,494,51,51,http://localhost:8080/web/index.php/api/v2/recruitment/candidates,2102,0,1
1768323628897,2070,Create Candidate Request,200,OK,Candidate Creation Thread Group 1-66,text,true,,332,491,50,50,http://localhost:8080/web/index.php/api/v2/recruitment/candidates,2070,0,0
1768323628912,2072,Create Candidate Request,200,OK,Candidate Creation Thread Group 1-55,text,true,,332,491,49,49,http://localhost:8080/web/index.php/api/v2/recruitment/candidates,2072,0,1
1768323628930,2072,Create Candidate Request,200,OK,Candidate Creation Thread Group 1-58,text,true,,332,491,48,48,http://localhost:8080/web/index.php/api/v2/recruitment/candidates,2072,0,0
1768323628946,2071,Create Candidate Request,200,OK,Candidate Creation Thread Group 1-52,text,true,,332,491,47,47,http://localhost:8080/web/index.php/api/v2/recruitment/candidates,2071,0,0
1768323628998,2036,Create Candidate Request,200,OK,Candidate Creation Thread Group 1-57,text,true,,332,491,46,46,http://localhost:8080/web/index.php/api/v2/recruitment/candidates,2035,0,0
1768323629015,2038,Create Candidate Request,200,OK,Candidate Creation Thread Group 1-28,text,true,,332,491,45,45,http://localhost:8080/web/index.php/api/v2/recruitment/candidates,2037,0,0
1768323629034,2036,Create Candidate Request,200,OK,Candidate Creation Thread Group 1-45,text,true,,332,491,44,44,http://localhost:8080/web/index.php/api/v2/recruitment/candidates,2035,0,0
1768323629051,2035,Create Candidate Request,200,OK,Candidate Creation Thread Group 1-44,text,true,,332,491,43,43,http://localhost:8080/web/index.php/api/v2/recruitment/candidates,2034,0,0
1768323629099,2002,Create Candidate Request,200,OK,Candidate Creation Thread Group 1-70,text,true,,332,491,42,42,http://localhost:8080/web/index.php/api/v2/recruitment/candidates,2002,0,0
1768323629115,2004,Create Candidate Request,200,OK,Candidate Creation Thread Group 1-53,text,true,,335,494,41,41,http://localhost:8080/web/index.php/api/v2/recruitment/candidates,2004,0,1
1768323629131,2004,Create Candidate Request,200,OK,Candidate Creation Thread Group 1-25,text,true,,335,494,40,40,http://localhost:8080/web/index.php/api/v2/recruitment/candidates,2004,0,0
1768323629148,2004,Create Candidate Request,200,OK,Candidate Creation Thread Group 1-50,text,true,,335,494,39,39,http://localhost:8080/web/index.php/api/v2/recruitment/candidates,2003,0,0
1768323629197,1969,Create Candidate Request,200,OK,Candidate Creation Thread Group 1-61,text,true,,335,494,38,38,http://localhost:8080/web/index.php/api/v2/recruitment/candidates,1969,0,1
1768323629213,1971,Create Candidate Request,200,OK,Candidate Creation Thread Group 1-26,text,true,,335,494,37,37,http://localhost:8080/web/index.php/api/v2/recruitment/candidates,1971,0,0
1768323629229,1973,Create Candidate Request,200,OK,Candidate Creation Thread Group 1-38,text,true,,335,494,36,36,http://localhost:8080/web/index.php/api/v2/recruitment/candidates,1972,0,0
1768323629247,1970,Create Candidate Request,200,OK,Candidate Creation Thread Group 1-62,text,true,,335,494,35,35,http://localhost:8080/web/index.php/api/v2/recruitment/candidates,1970,0,1
1768323629298,1934,Create Candidate Request,200,OK,Candidate Creation Thread Group 1-68,text,true,,335,494,34,34,http://localhost:8080/web/index.php/api/v2/recruitment/candidates,1934,0,0
1768323629315,1935,Create Candidate Request,200,OK,Candidate Creation Thread Group 1-39,text,true,,335,494,33,33,http://localhost:8080/web/index.php/api/v2/recruitment/candidates,1934,0,0
1768323629334,1931,Create Candidate Request,200,OK,Candidate Creation Thread Group 1-60,text,true,,335,494,32,32,http://localhost:8080/web/index.php/api/v2/recruitment/candidates,1931,0,0
1768323629394,1886,Create Candidate Request,200,OK,Candidate Creation Thread Group 1-69,text,true,,335,494,31,31,http://localhost:8080/web/index.php/api/v2/recruitment/candidates,1886,0,0
1768323629410,1888,Create Candidate Request,200,OK,Candidate Creation Thread Group 1-59,text,true,,335,494,30,30,http://localhost:8080/web/index.php/api/v2/recruitment/candidates,1887,0,1
1768323629427,1888,Create Candidate Request,200,OK,Candidate Creation Thread Group 1-71,text,true,,335,494,29,29,http://localhost:8080/web/index.php/api/v2/recruitment/candidates,1888,0,1
1768323629444,1889,Create Candidate Request,200,OK,Candidate Creation Thread Group 1-72,text,true,,335,494,28,28,http://localhost:8080/web/index.php/api/v2/recruitment/candidates,1888,0,0
1768323629501,1852,Create Candidate Request,200,OK,Candidate Creation Thread Group 1-73,text,true,,335,494,27,27,http://localhost:8080/web/index.php/api/v2/recruitment/candidates,1851,0,0
1768323629520,1851,Create Candidate Request,200,OK,Candidate Creation Thread Group 1-74,text,true,,335,494,26,26,http://localhost:8080/web/index.php/api/v2/recruitment/candidates,1851,0,1
1768323629539,1850,Create Candidate Request,200,OK,Candidate Creation Thread Group 1-80,text,true,,335,494,25,25,http://localhost:8080/web/index.php/api/v2/recruitment/candidates,1850,0,0
1768323629608,1798,Create Candidate Request,200,OK,Candidate Creation Thread Group 1-83,text,true,,335,494,24,24,http://localhost:8080/web/index.php/api/v2/recruitment/candidates,1798,0,0
1768323629625,1799,Create Candidate Request,200,OK,Candidate Creation Thread Group 1-76,text,true,,335,494,23,23,http://localhost:8080/web/index.php/api/v2/recruitment/candidates,1799,0,1
1768323629642,1800,Create Candidate Request,200,OK,Candidate Creation Thread Group 1-77,text,true,,335,494,22,22,http://localhost:8080/web/index.php/api/v2/recruitment/candidates,1800,0,0
1768323629657,1803,Create Candidate Request,200,OK,Candidate Creation Thread Group 1-78,text,true,,335,494,21,21,http://localhost:8080/web/index.php/api/v2/recruitment/candidates,1802,0,0
1768323629696,1779,Create Candidate Request,200,OK,Candidate Creation Thread Group 1-79,text,true,,335,494,20,20,http://localhost:8080/web/index.php/api/v2/recruitment/candidates,1779,0,0
1768323629714,1781,Create Candidate Request,200,OK,Candidate Creation Thread Group 1-81,text,true,,335,494,19,19,http://localhost:8080/web/index.php/api/v2/recruitment/candidates,1780,0,0
1768323629732,1780,Create Candidate Request,200,OK,Candidate Creation Thread Group 1-82,text,true,,335,494,18,18,http://localhost:8080/web/index.php/api/v2/recruitment/candidates,1780,0,1
1768323629749,1782,Create Candidate Request,200,OK,Candidate Creation Thread Group 1-84,text,true,,335,494,17,17,http://localhost:8080/web/index.php/api/v2/recruitment/candidates,1782,0,0
1768323629795,1754,Create Candidate Request,200,OK,Candidate Creation Thread Group 1-85,text,true,,335,494,16,16,http://localhost:8080/web/index.php/api/v2/recruitment/candidates,1754,0,1
1768323629816,1750,Create Candidate Request,200,OK,Candidate Creation Thread Group 1-86,text,true,,335,494,15,15,http://localhost:8080/web/index.php/api/v2/recruitment/candidates,1750,0,0
1768323629832,1751,Create Candidate Request,200,OK,Candidate Creation Thread Group 1-87,text,true,,335,494,14,14,http://localhost:8080/web/index.php/api/v2/recruitment/candidates,1750,0,0
1768323629849,1756,Create Candidate Request,200,OK,Candidate Creation Thread Group 1-88,text,true,,335,494,13,13,http://localhost:8080/web/index.php/api/v2/recruitment/candidates,1755,0,0
1768323629904,1718,Create Candidate Request,200,OK,Candidate Creation Thread Group 1-89,text,true,,335,494,12,12,http://localhost:8080/web/index.php/api/v2/recruitment/candidates,1718,0,0
1768323629921,1717,Create Candidate Request,200,OK,Candidate Creation Thread Group 1-90,text,true,,335,494,11,11,http://localhost:8080/web/index.php/api/v2/recruitment/candidates,1717,0,0
1768323629937,1719,Create Candidate Request,200,OK,Candidate Creation Thread Group 1-91,text,true,,335,494,10,10,http://localhost:8080/web/index.php/api/v2/recruitment/candidates,1718,0,0
1768323629994,1678,Create Candidate Request,200,OK,Candidate Creation Thread Group 1-92,text,true,,335,494,9,9,http://localhost:8080/web/index.php/api/v2/recruitment/candidates,1678,0,0
1768323630011,1678,Create Candidate Request,200,OK,Candidate Creation Thread Group 1-93,text,true,,335,494,8,8,http://localhost:8080/web/index.php/api/v2/recruitment/candidates,1678,0,0
1768323630033,1676,Create Candidate Request,200,OK,Candidate Creation Thread Group 1-94,text,true,,335,494,7,7,http://localhost:8080/web/index.php/api/v2/recruitment/candidates,1676,0,1
1768323630093,1633,Create Candidate Request,200,OK,Candidate Creation Thread Group 1-95,text,true,,335,494,6,6,http://localhost:8080/web/index.php/api/v2/recruitment/candidates,1632,0,0
1768323630112,1630,Create Candidate Request,200,OK,Candidate Creation Thread Group 1-96,text,true,,335,494,5,5,http://localhost:8080/web/index.php/api/v2/recruitment/candidates,1630,0,0
1768323630129,1629,Create Candidate Request,200,OK,Candidate Creation Thread Group 1-97,text,true,,335,494,4,4,http://localhost:8080/web/index.php/api/v2/recruitment/candidates,1628,0,0
1768323630147,1628,Create Candidate Request,200,OK,Candidate Creation Thread Group 1-98,text,true,,335,494,3,3,http://localhost:8080/web/index.php/api/v2/recruitment/candidates,1627,0,0
1768323630191,1599,Create Candidate Request,200,OK,Candidate Creation Thread Group 1-100,text,true,,335,494,2,2,http://localhost:8080/web/index.php/api/v2/recruitment/candidates,1599,0,0
1768323630207,1599,Create Candidate Request,200,OK,Candidate Creation Thread Group 1-99,text,true,,335,494,1,1,http://localhost:8080/web/index.php/api/v2/recruitment/candidates,1599,0,0
