firstName,lastName,email
TestUser1,Perf1,test.user.1@perf.com
TestUser2,Perf2,test.user.2@perf.com
TestUser3,Perf3,test.user.3@perf.com
TestUser4,Perf4,test.user.4@perf.com
TestUser5,Perf5,test.user.5@perf.com
TestUser6,Perf6,test.user.6@perf.com
TestUser7,Perf7,test.user.7@perf.com
TestUser8,Perf8,test.user.8@perf.com
TestUser9,Perf9,test.user.9@perf.com
TestUser10,Perf10,test.user.10@perf.com
TestUser11,Perf11,test.user.11@perf.com
TestUser12,Perf12,test.user.12@perf.com
TestUser13,Perf13,test.user.13@perf.com
TestUser14,Perf14,test.user.14@perf.com
TestUser15,Perf15,test.user.15@perf.com
TestUser16,Perf16,test.user.16@perf.com
TestUser17,Perf17,test.user.17@perf.com
TestUser18,Perf18,test.user.18@perf.com
TestUser19,Perf19,test.user.19@perf.com
TestUser20,Perf20,test.user.20@perf.com
TestUser21,Perf21,test.user.21@perf.com
TestUser22,Perf22,test.user.22@perf.com
TestUser23,Perf23,test.user.23@perf.com
TestUser24,Perf24,test.user.24@perf.com
TestUser25,Perf25,test.user.25@perf.com
TestUser26,Perf26,test.user.26@perf.com
TestUser27,Perf27,test.user.27@perf.com
TestUser28,Perf28,test.user.28@perf.com
TestUser29,Perf29,test.user.29@perf.com
TestUser30,Perf30,test.user.30@perf.com
TestUser31,Perf31,test.user.31@perf.com
TestUser32,Perf32,test.user.32@perf.com
TestUser33,Perf33,test.user.33@perf.com
TestUser34,Perf34,test.user.34@perf.com
TestUser35,Perf35,test.user.35@perf.com
TestUser36,Perf36,test.user.36@perf.com
TestUser37,Perf37,test.user.37@perf.com
TestUser38,Perf38,test.user.38@perf.com
TestUser39,Perf39,test.user.39@perf.com
TestUser40,Perf40,test.user.40@perf.com
TestUser41,Perf41,test.user.41@perf.com
TestUser42,Perf42,test.user.42@perf.com
TestUser43,Perf43,test.user.43@perf.com
TestUser44,Perf44,test.user.44@perf.com
TestUser45,Perf45,test.user.45@perf.com
TestUser46,Perf46,test.user.46@perf.com
TestUser47,Perf47,test.user.47@perf.com
TestUser48,Perf48,test.user.48@perf.com
TestUser49,Perf49,test.user.49@perf.com
TestUser50,Perf50,test.user.50@perf.com
